contract_month,client_segment_id,customer_type_id,entity_id,family_id,counterpart_id,contract_collateral_type,local_curr_orig_risk_amount,euribor_12m_pct,euribor_3m_pct,spread_pct
3,PARTICULARES,PERSONA F,FINANCIERA DE CONSUMO,PRESTAMOS,PRESTAMO_PERSONAL,PERSONAL,14292.03,,,
7,CORPORATIVO,JU,BANCA E INVERSION/MAYORISTA,SINDICA,PRESTAMO SINDICADO,MOBILIARIA(ACCIONES/FONDO),1579069.3,,2.002,
2,PARTICULARES,PERSONA F,FINANCIERA DE CONSUMO,PRESTAMOS,PRESTAMO_PERSONAL,PERSONAL,19420.52,,,
8,CORPORATIVO,JU,BANCA E INVERSION/MAYORISTA,SINDICA,PRESTAMO SINDICADO,MOBILIARIA(ACCIONES/FONDO),1702072.44,,1.943,
3,PARTICULARES,PERSONA F,BANCO COMERCIAL,HIPOTECAS,TIPO_VARIABLE,INMUEBLES,309983.99,2.262,,
5,PARTICULARES,PERSONA F,FINANCIERA DE CONSUMO,PRESTAMOS,PRESTAMO_PERSONAL,PERSONAL,30796.92,,,
5,PARTICULARES,PERSONA F,BANCO COMERCIAL,HIPOTECAS,TIPO_VARIABLE,INMUEBLES,98434.09,2.058,,
1,PARTICULARES,PERSONA F,BANCO COMERCIAL,HIPOTECAS,TIPO_FIJO,INMUEBLES,320692.91,2.431,,
7,PYMES,JU,BANCO COMERCIAL,COMERC,LINEA DE CREDITO,PERSONAL,83693.71,,2.002,
6,PYMES,JU,BANCO COMERCIAL,COMERC,LINEA DE CREDITO,PERSONAL,99058.6,,2.085,
12,PARTICULARES,PERSONA F,FINANCIERA DE CONSUMO,PRESTAMOS,PRESTAMO_PERSONAL,PERSONAL,8334.22,,,
2,CORPORATIVO,JU,BANCA E INVERSION/MAYORISTA,SINDICA,PRESTAMO SINDICADO,MOBILIARIA(ACCIONES/FONDO),8095746.99,,2.54,
4,PARTICULARES,PERSONA F,BANCO COMERCIAL,HIPOTECAS,TIPO_VARIABLE,INMUEBLES,158742.12,2.142,,
8,PARTICULARES,PERSONA F,BANCO COMERCIAL,HIPOTECAS,TIPO_VARIABLE,INMUEBLES,293920.51,1.985,,
2,CORPORATIVO,JU,BANCA E INVERSION/MAYORISTA,SINDICA,PRESTAMO SINDICADO,MOBILIARIA(ACCIONES/FONDO),7325039.51,,2.54,
7,PARTICULARES,PERSONA F,BANCO COMERCIAL,TARJETA,TARJETA_CLASICA,NINGUNO,4849.47,,,
3,PARTICULARES,PERSONA F,FINANCIERA DE CONSUMO,PRESTAMOS,PRESTAMO_PERSONAL,PERSONAL,27161.26,,,
3,PARTICULARES,PERSONA F,BANCO COMERCIAL,TARJETA,TARJETA_CLASICA,NINGUNO,3207.7,,,
5,PYMES,JU,BANCO COMERCIAL,COMERC,LINEA DE CREDITO,PERSONAL,88232.58,,2.174,
7,PARTICULARES,PERSONA F,BANCO COMERCIAL,HIPOTECAS,TIPO_VARIABLE,INMUEBLES,249843.37,1.972,,
5,PYMES,JU,BANCO COMERCIAL,COMERC,LINEA DE CREDITO,PERSONAL,67830.81,,2.174,
11,PARTICULARES,PERSONA F,BANCO COMERCIAL,TARJETA,TARJETA_CLASICA,NINGUNO,3003.63,,,
6,PARTICULARES,PERSONA F,BANCO COMERCIAL,HIPOTECAS,TIPO_VARIABLE,INMUEBLES,141181.98,1.987,,
7,PYMES,JU,BANCO COMERCIAL,COMERC,LINEA DE CREDITO,PERSONAL,34497.71,,2.002,
9,PYMES,JU,BANCO COMERCIAL,COMERC,LINEA DE CREDITO,PERSONAL,62328.74,,1.912,
6,PARTICULARES,PERSONA F,BANCO COMERCIAL,HIPOTECAS,TIPO_VARIABLE,INMUEBLES,102212.03,1.987,,
2,PYMES,JU,BANCO COMERCIAL,COMERC,LINEA DE CREDITO,PERSONAL,61501.73,,2.54,
1,PARTICULARES,PERSONA F,BANCO COMERCIAL,HIPOTECAS,TIPO_FIJO,INMUEBLES,159308.48,2.431,,
2,CORPORATIVO,JU,BANCA E INVERSION/MAYORISTA,SINDICA,PRESTAMO SINDICADO,MOBILIARIA(ACCIONES/FONDO),4222044.66,,2.54,
11,PYMES,JU,BANCO COMERCIAL,COMERC,LINEA DE CREDITO,PERSONAL,144284.56,,1.982,
5,CORPORATIVO,JU,BANCA E INVERSION/MAYORISTA,SINDICA,PRESTAMO SINDICADO,MOBILIARIA(ACCIONES/FONDO),1382565.26,,2.174,
1,CORPORATIVO,JU,BANCA E INVERSION/MAYORISTA,SINDICA,PRESTAMO SINDICADO,MOBILIARIA(ACCIONES/FONDO),5432420.52,,2.632,
3,PARTICULARES,PERSONA F,FINANCIERA DE CONSUMO,PRESTAMOS,PRESTAMO_PERSONAL,PERSONAL,25140.09,,,
3,PARTICULARES,PERSONA F,BANCO COMERCIAL,HIPOTECAS,TIPO_FIJO,INMUEBLES,174665.66,2.262,,
1,PARTICULARES,PERSONA F,BANCO COMERCIAL,TARJETA,TARJETA_CLASICA,NINGUNO,2155.18,,,
9,PARTICULARES,PERSONA F,BANCO COMERCIAL,HIPOTECAS,TIPO_FIJO,INMUEBLES,339630.35,2.024,,
10,PARTICULARES,PERSONA F,BANCO COMERCIAL,TARJETA,TARJETA_CLASICA,NINGUNO,1497.04,,,
1,PARTICULARES,PERSONA F,BANCO COMERCIAL,TARJETA,TARJETA_CLASICA,NINGUNO,4454.81,,,
7,PARTICULARES,PERSONA F,BANCO COMERCIAL,HIPOTECAS,TIPO_VARIABLE,INMUEBLES,272498.35,1.972,,
10,PARTICULARES,PERSONA F,BANCO COMERCIAL,HIPOTECAS,TIPO_VARIABLE,INMUEBLES,227854.32,2.066,,
9,PARTICULARES,PERSONA F,BANCO COMERCIAL,HIPOTECAS,TIPO_FIJO,INMUEBLES,82190.83,2.024,,
8,PARTICULARES,PERSONA F,BANCO COMERCIAL,HIPOTECAS,TIPO_FIJO,INMUEBLES,258185.56,1.985,,
10,PYMES,JU,BANCO COMERCIAL,COMERC,LINEA DE CREDITO,PERSONAL,41212.01,,1.948,
12,PARTICULARES,PERSONA F,BANCO COMERCIAL,TARJETA,TARJETA_CLASICA,NINGUNO,4843.09,,,
12,PARTICULARES,PERSONA F,BANCO COMERCIAL,HIPOTECAS,TIPO_VARIABLE,INMUEBLES,90965.24,2.089,,
7,CORPORATIVO,JU,BANCA E INVERSION/MAYORISTA,SINDICA,PRESTAMO SINDICADO,MOBILIARIA(ACCIONES/FONDO),3991945.03,,2.002,
9,CORPORATIVO,JU,BANCA E INVERSION/MAYORISTA,SINDICA,PRESTAMO SINDICADO,MOBILIARIA(ACCIONES/FONDO),14454686.22,,1.912,
6,PARTICULARES,PERSONA F,BANCO COMERCIAL,HIPOTECAS,TIPO_VARIABLE,INMUEBLES,220641.47,1.987,,
11,PYMES,JU,BANCO COMERCIAL,COMERC,LINEA DE CREDITO,PERSONAL,92159.96,,1.982,
5,CORPORATIVO,JU,BANCA E INVERSION/MAYORISTA,SINDICA,PRESTAMO SINDICADO,MOBILIARIA(ACCIONES/FONDO),5960785.79,,2.174,
3,CORPORATIVO,JU,BANCA E INVERSION/MAYORISTA,SINDICA,PRESTAMO SINDICADO,MOBILIARIA(ACCIONES/FONDO),9367760.49,,2.406,
7,PARTICULARES,PERSONA F,FINANCIERA DE CONSUMO,PRESTAMOS,PRESTAMO_PERSONAL,PERSONAL,21464.92,,,
5,CORPORATIVO,JU,BANCA E INVERSION/MAYORISTA,SINDICA,PRESTAMO SINDICADO,MOBILIARIA(ACCIONES/FONDO),1979419.28,,2.174,
10,PARTICULARES,PERSONA F,FINANCIERA DE CONSUMO,PRESTAMOS,PRESTAMO_PERSONAL,PERSONAL,34519.39,,,
2,PYMES,JU,BANCO COMERCIAL,COMERC,LINEA DE CREDITO,PERSONAL,88970.89,,2.54,
9,PARTICULARES,PERSONA F,FINANCIERA DE CONSUMO,PRESTAMOS,PRESTAMO_PERSONAL,PERSONAL,12659.43,,,
2,PARTICULARES,PERSONA F,BANCO COMERCIAL,TARJETA,TARJETA_CLASICA,NINGUNO,4768.42,,,
9,PARTICULARES,PERSONA F,BANCO COMERCIAL,HIPOTECAS,TIPO_VARIABLE,INMUEBLES,138835.01,2.024,,
1,CORPORATIVO,JU,BANCA E INVERSION/MAYORISTA,SINDICA,PRESTAMO SINDICADO,MOBILIARIA(ACCIONES/FONDO),10999268.11,,2.632,
7,PARTICULARES,PERSONA F,BANCO COMERCIAL,HIPOTECAS,TIPO_VARIABLE,INMUEBLES,188542.23,1.972,,
7,PARTICULARES,PERSONA F,BANCO COMERCIAL,HIPOTECAS,TIPO_VARIABLE,INMUEBLES,298358.01,1.972,,
2,CORPORATIVO,JU,BANCA E INVERSION/MAYORISTA,SINDICA,PRESTAMO SINDICADO,MOBILIARIA(ACCIONES/FONDO),8894726.56,,2.54,
4,PYMES,JU,BANCO COMERCIAL,COMERC,LINEA DE CREDITO,PERSONAL,28219.78,,2.268,
10,PARTICULARES,PERSONA F,BANCO COMERCIAL,TARJETA,TARJETA_CLASICA,NINGUNO,4972.59,,,
4,CORPORATIVO,JU,BANCA E INVERSION/MAYORISTA,SINDICA,PRESTAMO SINDICADO,MOBILIARIA(ACCIONES/FONDO),5474592.22,,2.268,
3,PYMES,JU,BANCO COMERCIAL,COMERC,LINEA DE CREDITO,PERSONAL,29505.8,,2.406,
12,PARTICULARES,PERSONA F,BANCO COMERCIAL,HIPOTECAS,TIPO_FIJO,INMUEBLES,138103.27,2.089,,
12,PARTICULARES,PERSONA F,BANCO COMERCIAL,HIPOTECAS,TIPO_FIJO,INMUEBLES,241439.87,2.089,,
1,PARTICULARES,PERSONA F,BANCO COMERCIAL,TARJETA,TARJETA_CLASICA,NINGUNO,5430.55,,,
8,CORPORATIVO,JU,BANCA E INVERSION/MAYORISTA,SINDICA,PRESTAMO SINDICADO,MOBILIARIA(ACCIONES/FONDO),8454617.45,,1.943,
5,PARTICULARES,PERSONA F,FINANCIERA DE CONSUMO,PRESTAMOS,PRESTAMO_PERSONAL,PERSONAL,32104.97,,,
8,PARTICULARES,PERSONA F,FINANCIERA DE CONSUMO,PRESTAMOS,PRESTAMO_PERSONAL,PERSONAL,18863.48,,,
7,PARTICULARES,PERSONA F,BANCO COMERCIAL,TARJETA,TARJETA_CLASICA,NINGUNO,5541.49,,,
2,CORPORATIVO,JU,BANCA E INVERSION/MAYORISTA,SINDICA,PRESTAMO SINDICADO,MOBILIARIA(ACCIONES/FONDO),10224894.22,,2.54,
6,PYMES,JU,BANCO COMERCIAL,COMERC,LINEA DE CREDITO,PERSONAL,78862.58,,2.085,
1,PYMES,JU,BANCO COMERCIAL,COMERC,LINEA DE CREDITO,PERSONAL,144884.28,,2.632,
7,PARTICULARES,PERSONA F,FINANCIERA DE CONSUMO,PRESTAMOS,PRESTAMO_PERSONAL,PERSONAL,16766.0,,,
6,PARTICULARES,PERSONA F,BANCO COMERCIAL,TARJETA,TARJETA_CLASICA,NINGUNO,4085.45,,,
4,PARTICULARES,PERSONA F,FINANCIERA DE CONSUMO,PRESTAMOS,PRESTAMO_PERSONAL,PERSONAL,19089.84,,,
12,PARTICULARES,PERSONA F,BANCO COMERCIAL,TARJETA,TARJETA_CLASICA,NINGUNO,2565.84,,,
7,PARTICULARES,PERSONA F,BANCO COMERCIAL,TARJETA,TARJETA_CLASICA,NINGUNO,5745.91,,,
1,PARTICULARES,PERSONA F,BANCO COMERCIAL,TARJETA,TARJETA_CLASICA,NINGUNO,3766.28,,,
11,PARTICULARES,PERSONA F,FINANCIERA DE CONSUMO,PRESTAMOS,PRESTAMO_PERSONAL,PERSONAL,11152.26,,,
3,PARTICULARES,PERSONA F,BANCO COMERCIAL,TARJETA,TARJETA_CLASICA,NINGUNO,1467.07,,,
11,PARTICULARES,PERSONA F,BANCO COMERCIAL,HIPOTECAS,TIPO_VARIABLE,INMUEBLES,222697.52,2.11,,
4,CORPORATIVO,JU,BANCA E INVERSION/MAYORISTA,SINDICA,PRESTAMO SINDICADO,MOBILIARIA(ACCIONES/FONDO),7540604.79,,2.268,
5,PARTICULARES,PERSONA F,BANCO COMERCIAL,HIPOTECAS,TIPO_FIJO,INMUEBLES,270444.95,2.058,,
11,PYMES,JU,BANCO COMERCIAL,COMERC,LINEA DE CREDITO,PERSONAL,50892.82,,1.982,
11,CORPORATIVO,JU,BANCA E INVERSION/MAYORISTA,SINDICA,PRESTAMO SINDICADO,MOBILIARIA(ACCIONES/FONDO),2597800.15,,1.982,
1,PARTICULARES,PERSONA F,BANCO COMERCIAL,HIPOTECAS,TIPO_VARIABLE,INMUEBLES,228444.6,2.431,,
8,PARTICULARES,PERSONA F,BANCO COMERCIAL,HIPOTECAS,TIPO_FIJO,INMUEBLES,105130.98,1.985,,
3,PYMES,JU,BANCO COMERCIAL,COMERC,LINEA DE CREDITO,PERSONAL,70469.31,,2.406,
5,PARTICULARES,PERSONA F,BANCO COMERCIAL,HIPOTECAS,TIPO_FIJO,INMUEBLES,366758.43,2.058,,
11,PARTICULARES,PERSONA F,FINANCIERA DE CONSUMO,PRESTAMOS,PRESTAMO_PERSONAL,PERSONAL,25296.8,,,
3,PARTICULARES,PERSONA F,FINANCIERA DE CONSUMO,PRESTAMOS,PRESTAMO_PERSONAL,PERSONAL,11058.96,,,
11,PARTICULARES,PERSONA F,FINANCIERA DE CONSUMO,PRESTAMOS,PRESTAMO_PERSONAL,PERSONAL,23656.52,,,
7,PYMES,JU,BANCO COMERCIAL,COMERC,LINEA DE CREDITO,PERSONAL,75112.8,,2.002,
9,PARTICULARES,PERSONA F,BANCO COMERCIAL,HIPOTECAS,TIPO_VARIABLE,INMUEBLES,387999.22,2.024,,
10,PARTICULARES,PERSONA F,FINANCIERA DE CONSUMO,PRESTAMOS,PRESTAMO_PERSONAL,PERSONAL,15200.97,,,
5,PARTICULARES,PERSONA F,BANCO COMERCIAL,HIPOTECAS,TIPO_VARIABLE,INMUEBLES,121439.95,2.058,,
4,PARTICULARES,PERSONA F,BANCO COMERCIAL,HIPOTECAS,TIPO_VARIABLE,INMUEBLES,82538.67,2.142,,
6,PYMES,JU,BANCO COMERCIAL,COMERC,LINEA DE CREDITO,PERSONAL,115645.14,,2.085,
6,PARTICULARES,PERSONA F,FINANCIERA DE CONSUMO,PRESTAMOS,PRESTAMO_PERSONAL,PERSONAL,5133.52,,,
6,PARTICULARES,PERSONA F,BANCO COMERCIAL,HIPOTECAS,TIPO_VARIABLE,INMUEBLES,160495.81,1.987,,
3,PYMES,JU,BANCO COMERCIAL,COMERC,LINEA DE CREDITO,PERSONAL,109096.38,,2.406,
11,PYMES,JU,BANCO COMERCIAL,COMERC,LINEA DE CREDITO,PERSONAL,66876.6,,1.982,
6,CORPORATIVO,JU,BANCA E INVERSION/MAYORISTA,SINDICA,PRESTAMO SINDICADO,MOBILIARIA(ACCIONES/FONDO),1217848.01,,2.085,
3,PYMES,JU,BANCO COMERCIAL,COMERC,LINEA DE CREDITO,PERSONAL,106910.57,,2.406,
3,PYMES,JU,BANCO COMERCIAL,COMERC,LINEA DE CREDITO,PERSONAL,134541.47,,2.406,
11,PYMES,JU,BANCO COMERCIAL,COMERC,LINEA DE CREDITO,PERSONAL,108434.02,,1.982,
4,PARTICULARES,PERSONA F,FINANCIERA DE CONSUMO,PRESTAMOS,PRESTAMO_PERSONAL,PERSONAL,17189.61,,,
3,PYMES,JU,BANCO COMERCIAL,COMERC,LINEA DE CREDITO,PERSONAL,133771.69,,2.406,
5,CORPORATIVO,JU,BANCA E INVERSION/MAYORISTA,SINDICA,PRESTAMO SINDICADO,MOBILIARIA(ACCIONES/FONDO),1859599.9,,2.174,
12,CORPORATIVO,JU,BANCA E INVERSION/MAYORISTA,SINDICA,PRESTAMO SINDICADO,MOBILIARIA(ACCIONES/FONDO),3802000.35,,1.963,
6,PARTICULARES,PERSONA F,BANCO COMERCIAL,TARJETA,TARJETA_CLASICA,NINGUNO,3269.25,,,
11,PARTICULARES,PERSONA F,BANCO COMERCIAL,HIPOTECAS,TIPO_FIJO,INMUEBLES,319834.74,2.11,,
2,CORPORATIVO,JU,BANCA E INVERSION/MAYORISTA,SINDICA,PRESTAMO SINDICADO,MOBILIARIA(ACCIONES/FONDO),10222330.99,,2.54,
3,PARTICULARES,PERSONA F,FINANCIERA DE CONSUMO,PRESTAMOS,PRESTAMO_PERSONAL,PERSONAL,8340.29,,,
7,PARTICULARES,PERSONA F,BANCO COMERCIAL,HIPOTECAS,TIPO_VARIABLE,INMUEBLES,351195.99,1.972,,
2,PARTICULARES,PERSONA F,BANCO COMERCIAL,HIPOTECAS,TIPO_VARIABLE,INMUEBLES,367754.05,2.375,,
2,PARTICULARES,PERSONA F,BANCO COMERCIAL,TARJETA,TARJETA_CLASICA,NINGUNO,2506.82,,,
2,PARTICULARES,PERSONA F,BANCO COMERCIAL,HIPOTECAS,TIPO_VARIABLE,INMUEBLES,112961.42,2.375,,
7,CORPORATIVO,JU,BANCA E INVERSION/MAYORISTA,SINDICA,PRESTAMO SINDICADO,MOBILIARIA(ACCIONES/FONDO),7392324.04,,2.002,
9,PYMES,JU,BANCO COMERCIAL,COMERC,LINEA DE CREDITO,PERSONAL,101148.22,,1.912,
9,CORPORATIVO,JU,BANCA E INVERSION/MAYORISTA,SINDICA,PRESTAMO SINDICADO,MOBILIARIA(ACCIONES/FONDO),10781498.41,,1.912,
8,PARTICULARES,PERSONA F,BANCO COMERCIAL,TARJETA,TARJETA_CLASICA,NINGUNO,3218.85,,,
6,PARTICULARES,PERSONA F,BANCO COMERCIAL,HIPOTECAS,TIPO_VARIABLE,INMUEBLES,173278.41,1.987,,
1,PARTICULARES,PERSONA F,FINANCIERA DE CONSUMO,PRESTAMOS,PRESTAMO_PERSONAL,PERSONAL,25537.36,,,
7,CORPORATIVO,JU,BANCA E INVERSION/MAYORISTA,SINDICA,PRESTAMO SINDICADO,MOBILIARIA(ACCIONES/FONDO),3155678.95,,2.002,
10,CORPORATIVO,JU,BANCA E INVERSION/MAYORISTA,SINDICA,PRESTAMO SINDICADO,MOBILIARIA(ACCIONES/FONDO),10787874.08,,1.948,
5,PARTICULARES,PERSONA F,BANCO COMERCIAL,TARJETA,TARJETA_CLASICA,NINGUNO,4432.98,,,
1,CORPORATIVO,JU,BANCA E INVERSION/MAYORISTA,SINDICA,PRESTAMO SINDICADO,MOBILIARIA(ACCIONES/FONDO),14017219.56,,2.632,
11,CORPORATIVO,JU,BANCA E INVERSION/MAYORISTA,SINDICA,PRESTAMO SINDICADO,MOBILIARIA(ACCIONES/FONDO),9154245.58,,1.982,
11,PARTICULARES,PERSONA F,BANCO COMERCIAL,TARJETA,TARJETA_CLASICA,NINGUNO,1379.96,,,
6,PARTICULARES,PERSONA F,FINANCIERA DE CONSUMO,PRESTAMOS,PRESTAMO_PERSONAL,PERSONAL,6731.15,,,
12,CORPORATIVO,JU,BANCA E INVERSION/MAYORISTA,SINDICA,PRESTAMO SINDICADO,MOBILIARIA(ACCIONES/FONDO),7568474.84,,1.963,
3,PARTICULARES,PERSONA F,BANCO COMERCIAL,TARJETA,TARJETA_CLASICA,NINGUNO,4897.06,,,
10,PARTICULARES,PERSONA F,FINANCIERA DE CONSUMO,PRESTAMOS,PRESTAMO_PERSONAL,PERSONAL,30242.09,,,
7,PARTICULARES,PERSONA F,FINANCIERA DE CONSUMO,PRESTAMOS,PRESTAMO_PERSONAL,PERSONAL,19544.0,,,
12,PYMES,JU,BANCO COMERCIAL,COMERC,LINEA DE CREDITO,PERSONAL,136672.32,,1.963,
12,PARTICULARES,PERSONA F,FINANCIERA DE CONSUMO,PRESTAMOS,PRESTAMO_PERSONAL,PERSONAL,23388.63,,,
5,PARTICULARES,PERSONA F,BANCO COMERCIAL,TARJETA,TARJETA_CLASICA,NINGUNO,3409.32,,,
6,PARTICULARES,PERSONA F,BANCO COMERCIAL,TARJETA,TARJETA_CLASICA,NINGUNO,4281.91,,,
5,PARTICULARES,PERSONA F,BANCO COMERCIAL,HIPOTECAS,TIPO_VARIABLE,INMUEBLES,360828.55,2.058,,
12,PARTICULARES,PERSONA F,FINANCIERA DE CONSUMO,PRESTAMOS,PRESTAMO_PERSONAL,PERSONAL,6514.84,,,
2,PARTICULARES,PERSONA F,BANCO COMERCIAL,HIPOTECAS,TIPO_VARIABLE,INMUEBLES,266516.77,2.375,,
1,PYMES,JU,BANCO COMERCIAL,COMERC,LINEA DE CREDITO,PERSONAL,76365.61,,2.632,
9,PARTICULARES,PERSONA F,BANCO COMERCIAL,TARJETA,TARJETA_CLASICA,NINGUNO,4500.87,,,
1,PARTICULARES,PERSONA F,BANCO COMERCIAL,HIPOTECAS,TIPO_FIJO,INMUEBLES,149842.92,2.431,,
10,PARTICULARES,PERSONA F,FINANCIERA DE CONSUMO,PRESTAMOS,PRESTAMO_PERSONAL,PERSONAL,27313.04,,,
12,PYMES,JU,BANCO COMERCIAL,COMERC,LINEA DE CREDITO,PERSONAL,90901.17,,1.963,
3,PARTICULARES,PERSONA F,FINANCIERA DE CONSUMO,PRESTAMOS,PRESTAMO_PERSONAL,PERSONAL,21562.84,,,
10,PARTICULARES,PERSONA F,FINANCIERA DE CONSUMO,PRESTAMOS,PRESTAMO_PERSONAL,PERSONAL,19388.63,,,
1,PARTICULARES,PERSONA F,BANCO COMERCIAL,HIPOTECAS,TIPO_VARIABLE,INMUEBLES,105534.13,2.431,,
9,PARTICULARES,PERSONA F,BANCO COMERCIAL,TARJETA,TARJETA_CLASICA,NINGUNO,2912.78,,,
3,PARTICULARES,PERSONA F,FINANCIERA DE CONSUMO,PRESTAMOS,PRESTAMO_PERSONAL,PERSONAL,26543.32,,,
1,PARTICULARES,PERSONA F,BANCO COMERCIAL,HIPOTECAS,TIPO_VARIABLE,INMUEBLES,215991.07,2.431,,
12,PYMES,JU,BANCO COMERCIAL,COMERC,LINEA DE CREDITO,PERSONAL,131355.83,,1.963,
8,CORPORATIVO,JU,BANCA E INVERSION/MAYORISTA,SINDICA,PRESTAMO SINDICADO,MOBILIARIA(ACCIONES/FONDO),7841497.33,,1.943,
4,CORPORATIVO,JU,BANCA E INVERSION/MAYORISTA,SINDICA,PRESTAMO SINDICADO,MOBILIARIA(ACCIONES/FONDO),2183995.89,,2.268,
1,PYMES,JU,BANCO COMERCIAL,COMERC,LINEA DE CREDITO,PERSONAL,72519.25,,2.632,
6,PARTICULARES,PERSONA F,BANCO COMERCIAL,TARJETA,TARJETA_CLASICA,NINGUNO,2939.57,,,
11,PARTICULARES,PERSONA F,BANCO COMERCIAL,HIPOTECAS,TIPO_FIJO,INMUEBLES,89921.17,2.11,,
8,PARTICULARES,PERSONA F,BANCO COMERCIAL,TARJETA,TARJETA_CLASICA,NINGUNO,4310.99,,,
8,PARTICULARES,PERSONA F,FINANCIERA DE CONSUMO,PRESTAMOS,PRESTAMO_PERSONAL,PERSONAL,11678.05,,,
11,PARTICULARES,PERSONA F,BANCO COMERCIAL,TARJETA,TARJETA_CLASICA,NINGUNO,3080.8,,,
6,CORPORATIVO,JU,BANCA E INVERSION/MAYORISTA,SINDICA,PRESTAMO SINDICADO,MOBILIARIA(ACCIONES/FONDO),10040277.35,,2.085,
1,PARTICULARES,PERSONA F,BANCO COMERCIAL,TARJETA,TARJETA_CLASICA,NINGUNO,5846.9,,,
3,PARTICULARES,PERSONA F,FINANCIERA DE CONSUMO,PRESTAMOS,PRESTAMO_PERSONAL,PERSONAL,23914.75,,,
1,PARTICULARES,PERSONA F,FINANCIERA DE CONSUMO,PRESTAMOS,PRESTAMO_PERSONAL,PERSONAL,25839.48,,,
5,PARTICULARES,PERSONA F,BANCO COMERCIAL,HIPOTECAS,TIPO_FIJO,INMUEBLES,223660.87,2.058,,
3,PYMES,JU,BANCO COMERCIAL,COMERC,LINEA DE CREDITO,PERSONAL,116371.08,,2.406,
2,PARTICULARES,PERSONA F,BANCO COMERCIAL,HIPOTECAS,TIPO_FIJO,INMUEBLES,256025.99,2.375,,
1,CORPORATIVO,JU,BANCA E INVERSION/MAYORISTA,SINDICA,PRESTAMO SINDICADO,MOBILIARIA(ACCIONES/FONDO),10786984.01,,2.632,
7,PARTICULARES,PERSONA F,FINANCIERA DE CONSUMO,PRESTAMOS,PRESTAMO_PERSONAL,PERSONAL,19659.35,,,
10,PARTICULARES,PERSONA F,BANCO COMERCIAL,TARJETA,TARJETA_CLASICA,NINGUNO,4602.74,,,
6,PYMES,JU,BANCO COMERCIAL,COMERC,LINEA DE CREDITO,PERSONAL,114466.89,,2.085,
3,PARTICULARES,PERSONA F,BANCO COMERCIAL,TARJETA,TARJETA_CLASICA,NINGUNO,1379.06,,,
12,PARTICULARES,PERSONA F,FINANCIERA DE CONSUMO,PRESTAMOS,PRESTAMO_PERSONAL,PERSONAL,19408.81,,,
7,PARTICULARES,PERSONA F,BANCO COMERCIAL,HIPOTECAS,TIPO_VARIABLE,INMUEBLES,301032.56,1.972,,
12,PARTICULARES,PERSONA F,BANCO COMERCIAL,TARJETA,TARJETA_CLASICA,NINGUNO,5769.07,,,
6,CORPORATIVO,JU,BANCA E INVERSION/MAYORISTA,SINDICA,PRESTAMO SINDICADO,MOBILIARIA(ACCIONES/FONDO),10176775.0,,2.085,
9,PARTICULARES,PERSONA F,BANCO COMERCIAL,TARJETA,TARJETA_CLASICA,NINGUNO,2140.5,,,
12,PARTICULARES,PERSONA F,BANCO COMERCIAL,TARJETA,TARJETA_CLASICA,NINGUNO,4725.87,,,
4,PARTICULARES,PERSONA F,BANCO COMERCIAL,HIPOTECAS,TIPO_FIJO,INMUEBLES,154673.7,2.142,,
12,PARTICULARES,PERSONA F,BANCO COMERCIAL,HIPOTECAS,TIPO_VARIABLE,INMUEBLES,262563.18,2.089,,
10,PARTICULARES,PERSONA F,BANCO COMERCIAL,HIPOTECAS,TIPO_VARIABLE,INMUEBLES,166922.29,2.066,,
12,PARTICULARES,PERSONA F,BANCO COMERCIAL,TARJETA,TARJETA_CLASICA,NINGUNO,1803.62,,,
5,CORPORATIVO,JU,BANCA E INVERSION/MAYORISTA,SINDICA,PRESTAMO SINDICADO,MOBILIARIA(ACCIONES/FONDO),6828872.08,,2.174,
8,PYMES,JU,BANCO COMERCIAL,COMERC,LINEA DE CREDITO,PERSONAL,107094.65,,1.943,
2,CORPORATIVO,JU,BANCA E INVERSION/MAYORISTA,SINDICA,PRESTAMO SINDICADO,MOBILIARIA(ACCIONES/FONDO),2888340.6,,2.54,
7,PARTICULARES,PERSONA F,BANCO COMERCIAL,HIPOTECAS,TIPO_FIJO,INMUEBLES,383775.67,1.972,,
11,PYMES,JU,BANCO COMERCIAL,COMERC,LINEA DE CREDITO,PERSONAL,49388.12,,1.982,
3,PYMES,JU,BANCO COMERCIAL,COMERC,LINEA DE CREDITO,PERSONAL,33416.75,,2.406,
9,PYMES,JU,BANCO COMERCIAL,COMERC,LINEA DE CREDITO,PERSONAL,77077.36,,1.912,
5,CORPORATIVO,JU,BANCA E INVERSION/MAYORISTA,SINDICA,PRESTAMO SINDICADO,MOBILIARIA(ACCIONES/FONDO),8167507.43,,2.174,
11,PARTICULARES,PERSONA F,FINANCIERA DE CONSUMO,PRESTAMOS,PRESTAMO_PERSONAL,PERSONAL,24390.44,,,
4,PARTICULARES,PERSONA F,BANCO COMERCIAL,HIPOTECAS,TIPO_FIJO,INMUEBLES,136184.05,2.142,,
3,PARTICULARES,PERSONA F,BANCO COMERCIAL,HIPOTECAS,TIPO_VARIABLE,INMUEBLES,341576.52,2.262,,
1,CORPORATIVO,JU,BANCA E INVERSION/MAYORISTA,SINDICA,PRESTAMO SINDICADO,MOBILIARIA(ACCIONES/FONDO),3497279.85,,2.632,
3,PARTICULARES,PERSONA F,BANCO COMERCIAL,HIPOTECAS,TIPO_FIJO,INMUEBLES,106909.66,2.262,,
7,PARTICULARES,PERSONA F,BANCO COMERCIAL,TARJETA,TARJETA_CLASICA,NINGUNO,1726.12,,,
9,CORPORATIVO,JU,BANCA E INVERSION/MAYORISTA,SINDICA,PRESTAMO SINDICADO,MOBILIARIA(ACCIONES/FONDO),6191762.13,,1.912,
4,CORPORATIVO,JU,BANCA E INVERSION/MAYORISTA,SINDICA,PRESTAMO SINDICADO,MOBILIARIA(ACCIONES/FONDO),12679855.41,,2.268,
3,PYMES,JU,BANCO COMERCIAL,COMERC,LINEA DE CREDITO,PERSONAL,129523.54,,2.406,
5,PYMES,JU,BANCO COMERCIAL,COMERC,LINEA DE CREDITO,PERSONAL,24601.08,,2.174,
1,PARTICULARES,PERSONA F,BANCO COMERCIAL,HIPOTECAS,TIPO_FIJO,INMUEBLES,82726.26,2.431,,
7,PARTICULARES,PERSONA F,FINANCIERA DE CONSUMO,PRESTAMOS,PRESTAMO_PERSONAL,PERSONAL,23315.07,,,
8,CORPORATIVO,JU,BANCA E INVERSION/MAYORISTA,SINDICA,PRESTAMO SINDICADO,MOBILIARIA(ACCIONES/FONDO),11847925.9,,1.943,
2,CORPORATIVO,JU,BANCA E INVERSION/MAYORISTA,SINDICA,PRESTAMO SINDICADO,MOBILIARIA(ACCIONES/FONDO),5390836.67,,2.54,
7,CORPORATIVO,JU,BANCA E INVERSION/MAYORISTA,SINDICA,PRESTAMO SINDICADO,MOBILIARIA(ACCIONES/FONDO),6920663.09,,2.002,
11,PARTICULARES,PERSONA F,FINANCIERA DE CONSUMO,PRESTAMOS,PRESTAMO_PERSONAL,PERSONAL,32745.73,,,
12,PARTICULARES,PERSONA F,BANCO COMERCIAL,HIPOTECAS,TIPO_VARIABLE,INMUEBLES,203309.06,2.089,,
7,CORPORATIVO,JU,BANCA E INVERSION/MAYORISTA,SINDICA,PRESTAMO SINDICADO,MOBILIARIA(ACCIONES/FONDO),4920859.35,,2.002,
7,PARTICULARES,PERSONA F,BANCO COMERCIAL,HIPOTECAS,TIPO_VARIABLE,INMUEBLES,126293.29,1.972,,
5,CORPORATIVO,JU,BANCA E INVERSION/MAYORISTA,SINDICA,PRESTAMO SINDICADO,MOBILIARIA(ACCIONES/FONDO),4613045.89,,2.174,
12,PARTICULARES,PERSONA F,FINANCIERA DE CONSUMO,PRESTAMOS,PRESTAMO_PERSONAL,PERSONAL,28387.78,,,
9,PYMES,JU,BANCO COMERCIAL,COMERC,LINEA DE CREDITO,PERSONAL,53010.59,,1.912,
9,PYMES,JU,BANCO COMERCIAL,COMERC,LINEA DE CREDITO,PERSONAL,47031.08,,1.912,
10,PARTICULARES,PERSONA F,BANCO COMERCIAL,TARJETA,TARJETA_CLASICA,NINGUNO,4594.35,,,
11,PARTICULARES,PERSONA F,BANCO COMERCIAL,TARJETA,TARJETA_CLASICA,NINGUNO,1236.09,,,
8,PARTICULARES,PERSONA F,BANCO COMERCIAL,HIPOTECAS,TIPO_VARIABLE,INMUEBLES,347781.28,1.985,,
1,PARTICULARES,PERSONA F,BANCO COMERCIAL,TARJETA,TARJETA_CLASICA,NINGUNO,5199.98,,,
8,PARTICULARES,PERSONA F,FINANCIERA DE CONSUMO,PRESTAMOS,PRESTAMO_PERSONAL,PERSONAL,25594.47,,,
6,PARTICULARES,PERSONA F,BANCO COMERCIAL,TARJETA,TARJETA_CLASICA,NINGUNO,4371.59,,,
1,PYMES,JU,BANCO COMERCIAL,COMERC,LINEA DE CREDITO,PERSONAL,53943.9,,2.632,
1,PYMES,JU,BANCO COMERCIAL,COMERC,LINEA DE CREDITO,PERSONAL,76406.66,,2.632,
8,PARTICULARES,PERSONA F,BANCO COMERCIAL,HIPOTECAS,TIPO_FIJO,INMUEBLES,376849.83,1.985,,
1,CORPORATIVO,JU,BANCA E INVERSION/MAYORISTA,SINDICA,PRESTAMO SINDICADO,MOBILIARIA(ACCIONES/FONDO),3707294.12,,2.632,
3,PARTICULARES,PERSONA F,FINANCIERA DE CONSUMO,PRESTAMOS,PRESTAMO_PERSONAL,PERSONAL,34577.64,,,
8,PARTICULARES,PERSONA F,BANCO COMERCIAL,HIPOTECAS,TIPO_FIJO,INMUEBLES,128174.91,1.985,,
7,PARTICULARES,PERSONA F,BANCO COMERCIAL,TARJETA,TARJETA_CLASICA,NINGUNO,2828.34,,,
7,CORPORATIVO,JU,BANCA E INVERSION/MAYORISTA,SINDICA,PRESTAMO SINDICADO,MOBILIARIA(ACCIONES/FONDO),7692598.21,,2.002,
9,CORPORATIVO,JU,BANCA E INVERSION/MAYORISTA,SINDICA,PRESTAMO SINDICADO,MOBILIARIA(ACCIONES/FONDO),14417197.16,,1.912,
12,PARTICULARES,PERSONA F,BANCO COMERCIAL,HIPOTECAS,TIPO_VARIABLE,INMUEBLES,195116.44,2.089,,
4,CORPORATIVO,JU,BANCA E INVERSION/MAYORISTA,SINDICA,PRESTAMO SINDICADO,MOBILIARIA(ACCIONES/FONDO),8061774.95,,2.268,
8,PYMES,JU,BANCO COMERCIAL,COMERC,LINEA DE CREDITO,PERSONAL,124601.62,,1.943,
6,PARTICULARES,PERSONA F,FINANCIERA DE CONSUMO,PRESTAMOS,PRESTAMO_PERSONAL,PERSONAL,29018.08,,,
1,PARTICULARES,PERSONA F,BANCO COMERCIAL,HIPOTECAS,TIPO_VARIABLE,INMUEBLES,364215.22,2.431,,
1,PARTICULARES,PERSONA F,BANCO COMERCIAL,TARJETA,TARJETA_CLASICA,NINGUNO,1741.09,,,
2,CORPORATIVO,JU,BANCA E INVERSION/MAYORISTA,SINDICA,PRESTAMO SINDICADO,MOBILIARIA(ACCIONES/FONDO),14468737.91,,2.54,
11,PARTICULARES,PERSONA F,BANCO COMERCIAL,TARJETA,TARJETA_CLASICA,NINGUNO,2493.83,,,
12,CORPORATIVO,JU,BANCA E INVERSION/MAYORISTA,SINDICA,PRESTAMO SINDICADO,MOBILIARIA(ACCIONES/FONDO),12990671.89,,1.963,
1,PYMES,JU,BANCO COMERCIAL,COMERC,LINEA DE CREDITO,PERSONAL,37830.67,,2.632,
3,PARTICULARES,PERSONA F,FINANCIERA DE CONSUMO,PRESTAMOS,PRESTAMO_PERSONAL,PERSONAL,9232.71,,,
5,CORPORATIVO,JU,BANCA E INVERSION/MAYORISTA,SINDICA,PRESTAMO SINDICADO,MOBILIARIA(ACCIONES/FONDO),3574124.71,,2.174,
3,PARTICULARES,PERSONA F,FINANCIERA DE CONSUMO,PRESTAMOS,PRESTAMO_PERSONAL,PERSONAL,14555.89,,,
10,CORPORATIVO,JU,BANCA E INVERSION/MAYORISTA,SINDICA,PRESTAMO SINDICADO,MOBILIARIA(ACCIONES/FONDO),1500425.77,,1.948,
6,PARTICULARES,PERSONA F,FINANCIERA DE CONSUMO,PRESTAMOS,PRESTAMO_PERSONAL,PERSONAL,27068.48,,,
10,PARTICULARES,PERSONA F,BANCO COMERCIAL,TARJETA,TARJETA_CLASICA,NINGUNO,3687.98,,,
8,PYMES,JU,BANCO COMERCIAL,COMERC,LINEA DE CREDITO,PERSONAL,116751.03,,1.943,
10,PARTICULARES,PERSONA F,FINANCIERA DE CONSUMO,PRESTAMOS,PRESTAMO_PERSONAL,PERSONAL,14640.68,,,
6,PYMES,JU,BANCO COMERCIAL,COMERC,LINEA DE CREDITO,PERSONAL,87513.01,,2.085,
7,PYMES,JU,BANCO COMERCIAL,COMERC,LINEA DE CREDITO,PERSONAL,94148.2,,2.002,
12,CORPORATIVO,JU,BANCA E INVERSION/MAYORISTA,SINDICA,PRESTAMO SINDICADO,MOBILIARIA(ACCIONES/FONDO),9658667.14,,1.963,
9,PARTICULARES,PERSONA F,FINANCIERA DE CONSUMO,PRESTAMOS,PRESTAMO_PERSONAL,PERSONAL,24009.54,,,
2,PYMES,JU,BANCO COMERCIAL,COMERC,LINEA DE CREDITO,PERSONAL,138534.79,,2.54,
4,PYMES,JU,BANCO COMERCIAL,COMERC,LINEA DE CREDITO,PERSONAL,112576.18,,2.268,
4,PARTICULARES,PERSONA F,BANCO COMERCIAL,TARJETA,TARJETA_CLASICA,NINGUNO,3056.38,,,
2,PARTICULARES,PERSONA F,FINANCIERA DE CONSUMO,PRESTAMOS,PRESTAMO_PERSONAL,PERSONAL,21225.09,,,
6,PYMES,JU,BANCO COMERCIAL,COMERC,LINEA DE CREDITO,PERSONAL,60369.93,,2.085,
10,PYMES,JU,BANCO COMERCIAL,COMERC,LINEA DE CREDITO,PERSONAL,79699.53,,1.948,
9,PARTICULARES,PERSONA F,FINANCIERA DE CONSUMO,PRESTAMOS,PRESTAMO_PERSONAL,PERSONAL,29745.02,,,
7,PARTICULARES,PERSONA F,BANCO COMERCIAL,HIPOTECAS,TIPO_FIJO,INMUEBLES,363610.44,1.972,,
10,PARTICULARES,PERSONA F,BANCO COMERCIAL,TARJETA,TARJETA_CLASICA,NINGUNO,4516.77,,,
4,PARTICULARES,PERSONA F,BANCO COMERCIAL,HIPOTECAS,TIPO_VARIABLE,INMUEBLES,349869.18,2.142,,
6,PARTICULARES,PERSONA F,FINANCIERA DE CONSUMO,PRESTAMOS,PRESTAMO_PERSONAL,PERSONAL,15540.49,,,
2,CORPORATIVO,JU,BANCA E INVERSION/MAYORISTA,SINDICA,PRESTAMO SINDICADO,MOBILIARIA(ACCIONES/FONDO),4112665.45,,2.54,
11,PYMES,JU,BANCO COMERCIAL,COMERC,LINEA DE CREDITO,PERSONAL,147674.44,,1.982,
8,PARTICULARES,PERSONA F,BANCO COMERCIAL,HIPOTECAS,TIPO_VARIABLE,INMUEBLES,381959.57,1.985,,
7,PARTICULARES,PERSONA F,BANCO COMERCIAL,HIPOTECAS,TIPO_VARIABLE,INMUEBLES,179081.92,1.972,,
8,PARTICULARES,PERSONA F,BANCO COMERCIAL,HIPOTECAS,TIPO_VARIABLE,INMUEBLES,220363.86,1.985,,
11,PYMES,JU,BANCO COMERCIAL,COMERC,LINEA DE CREDITO,PERSONAL,34251.26,,1.982,
5,PYMES,JU,BANCO COMERCIAL,COMERC,LINEA DE CREDITO,PERSONAL,72723.44,,2.174,
8,PYMES,JU,BANCO COMERCIAL,COMERC,LINEA DE CREDITO,PERSONAL,93330.63,,1.943,
8,CORPORATIVO,JU,BANCA E INVERSION/MAYORISTA,SINDICA,PRESTAMO SINDICADO,MOBILIARIA(ACCIONES/FONDO),13349260.87,,1.943,
5,PARTICULARES,PERSONA F,BANCO COMERCIAL,TARJETA,TARJETA_CLASICA,NINGUNO,3298.11,,,
10,PARTICULARES,PERSONA F,BANCO COMERCIAL,HIPOTECAS,TIPO_FIJO,INMUEBLES,189993.91,2.066,,
7,CORPORATIVO,JU,BANCA E INVERSION/MAYORISTA,SINDICA,PRESTAMO SINDICADO,MOBILIARIA(ACCIONES/FONDO),4989264.03,,2.002,
8,CORPORATIVO,JU,BANCA E INVERSION/MAYORISTA,SINDICA,PRESTAMO SINDICADO,MOBILIARIA(ACCIONES/FONDO),12157255.61,,1.943,
8,PARTICULARES,PERSONA F,FINANCIERA DE CONSUMO,PRESTAMOS,PRESTAMO_PERSONAL,PERSONAL,7962.05,,,
2,PARTICULARES,PERSONA F,BANCO COMERCIAL,HIPOTECAS,TIPO_FIJO,INMUEBLES,396137.47,2.375,,
7,PARTICULARES,PERSONA F,FINANCIERA DE CONSUMO,PRESTAMOS,PRESTAMO_PERSONAL,PERSONAL,25242.69,,,
11,PARTICULARES,PERSONA F,BANCO COMERCIAL,HIPOTECAS,TIPO_FIJO,INMUEBLES,186077.34,2.11,,
11,CORPORATIVO,JU,BANCA E INVERSION/MAYORISTA,SINDICA,PRESTAMO SINDICADO,MOBILIARIA(ACCIONES/FONDO),14936813.75,,1.982,
3,PYMES,JU,BANCO COMERCIAL,COMERC,LINEA DE CREDITO,PERSONAL,32169.95,,2.406,
11,PARTICULARES,PERSONA F,BANCO COMERCIAL,HIPOTECAS,TIPO_VARIABLE,INMUEBLES,108448.12,2.11,,
7,PYMES,JU,BANCO COMERCIAL,COMERC,LINEA DE CREDITO,PERSONAL,128324.92,,2.002,
10,CORPORATIVO,JU,BANCA E INVERSION/MAYORISTA,SINDICA,PRESTAMO SINDICADO,MOBILIARIA(ACCIONES/FONDO),5598394.54,,1.948,
10,PARTICULARES,PERSONA F,FINANCIERA DE CONSUMO,PRESTAMOS,PRESTAMO_PERSONAL,PERSONAL,22298.22,,,
4,PARTICULARES,PERSONA F,BANCO COMERCIAL,TARJETA,TARJETA_CLASICA,NINGUNO,2327.78,,,
2,CORPORATIVO,JU,BANCA E INVERSION/MAYORISTA,SINDICA,PRESTAMO SINDICADO,MOBILIARIA(ACCIONES/FONDO),3614614.3,,2.54,
7,PARTICULARES,PERSONA F,FINANCIERA DE CONSUMO,PRESTAMOS,PRESTAMO_PERSONAL,PERSONAL,26306.0,,,
8,PYMES,JU,BANCO COMERCIAL,COMERC,LINEA DE CREDITO,PERSONAL,69748.51,,1.943,
8,PARTICULARES,PERSONA F,BANCO COMERCIAL,HIPOTECAS,TIPO_VARIABLE,INMUEBLES,352815.18,1.985,,
1,PARTICULARES,PERSONA F,FINANCIERA DE CONSUMO,PRESTAMOS,PRESTAMO_PERSONAL,PERSONAL,17414.98,,,
7,PARTICULARES,PERSONA F,BANCO COMERCIAL,TARJETA,TARJETA_CLASICA,NINGUNO,3569.19,,,
4,CORPORATIVO,JU,BANCA E INVERSION/MAYORISTA,SINDICA,PRESTAMO SINDICADO,MOBILIARIA(ACCIONES/FONDO),12767797.38,,2.268,
12,PARTICULARES,PERSONA F,FINANCIERA DE CONSUMO,PRESTAMOS,PRESTAMO_PERSONAL,PERSONAL,23517.21,,,
7,PYMES,JU,BANCO COMERCIAL,COMERC,LINEA DE CREDITO,PERSONAL,112217.43,,2.002,
6,PYMES,JU,BANCO COMERCIAL,COMERC,LINEA DE CREDITO,PERSONAL,41995.72,,2.085,
1,PARTICULARES,PERSONA F,FINANCIERA DE CONSUMO,PRESTAMOS,PRESTAMO_PERSONAL,PERSONAL,31162.05,,,
3,PARTICULARES,PERSONA F,BANCO COMERCIAL,HIPOTECAS,TIPO_VARIABLE,INMUEBLES,201908.69,2.262,,
7,PYMES,JU,BANCO COMERCIAL,COMERC,LINEA DE CREDITO,PERSONAL,90099.51,,2.002,
11,PARTICULARES,PERSONA F,BANCO COMERCIAL,TARJETA,TARJETA_CLASICA,NINGUNO,2120.69,,,
9,PYMES,JU,BANCO COMERCIAL,COMERC,LINEA DE CREDITO,PERSONAL,117555.96,,1.912,
3,PARTICULARES,PERSONA F,BANCO COMERCIAL,TARJETA,TARJETA_CLASICA,NINGUNO,1817.39,,,
6,PARTICULARES,PERSONA F,BANCO COMERCIAL,HIPOTECAS,TIPO_FIJO,INMUEBLES,181956.57,1.987,,
10,PARTICULARES,PERSONA F,FINANCIERA DE CONSUMO,PRESTAMOS,PRESTAMO_PERSONAL,PERSONAL,10738.93,,,
9,CORPORATIVO,JU,BANCA E INVERSION/MAYORISTA,SINDICA,PRESTAMO SINDICADO,MOBILIARIA(ACCIONES/FONDO),5029815.77,,1.912,
7,PARTICULARES,PERSONA F,BANCO COMERCIAL,HIPOTECAS,TIPO_FIJO,INMUEBLES,335569.32,1.972,,
9,PARTICULARES,PERSONA F,BANCO COMERCIAL,TARJETA,TARJETA_CLASICA,NINGUNO,4627.66,,,
7,PARTICULARES,PERSONA F,BANCO COMERCIAL,TARJETA,TARJETA_CLASICA,NINGUNO,4268.45,,,
12,PYMES,JU,BANCO COMERCIAL,COMERC,LINEA DE CREDITO,PERSONAL,104120.19,,1.963,
4,PYMES,JU,BANCO COMERCIAL,COMERC,LINEA DE CREDITO,PERSONAL,22598.57,,2.268,
9,PARTICULARES,PERSONA F,BANCO COMERCIAL,TARJETA,TARJETA_CLASICA,NINGUNO,1527.2,,,
6,PARTICULARES,PERSONA F,BANCO COMERCIAL,HIPOTECAS,TIPO_FIJO,INMUEBLES,313439.3,1.987,,
10,PARTICULARES,PERSONA F,BANCO COMERCIAL,TARJETA,TARJETA_CLASICA,NINGUNO,2768.8,,,
7,PYMES,JU,BANCO COMERCIAL,COMERC,LINEA DE CREDITO,PERSONAL,63969.37,,2.002,
9,CORPORATIVO,JU,BANCA E INVERSION/MAYORISTA,SINDICA,PRESTAMO SINDICADO,MOBILIARIA(ACCIONES/FONDO),6433950.17,,1.912,
3,CORPORATIVO,JU,BANCA E INVERSION/MAYORISTA,SINDICA,PRESTAMO SINDICADO,MOBILIARIA(ACCIONES/FONDO),7416308.58,,2.406,
1,CORPORATIVO,JU,BANCA E INVERSION/MAYORISTA,SINDICA,PRESTAMO SINDICADO,MOBILIARIA(ACCIONES/FONDO),5573833.56,,2.632,
3,CORPORATIVO,JU,BANCA E INVERSION/MAYORISTA,SINDICA,PRESTAMO SINDICADO,MOBILIARIA(ACCIONES/FONDO),3384711.99,,2.406,
8,PARTICULARES,PERSONA F,FINANCIERA DE CONSUMO,PRESTAMOS,PRESTAMO_PERSONAL,PERSONAL,33654.97,,,
5,PYMES,JU,BANCO COMERCIAL,COMERC,LINEA DE CREDITO,PERSONAL,42166.6,,2.174,
6,PARTICULARES,PERSONA F,FINANCIERA DE CONSUMO,PRESTAMOS,PRESTAMO_PERSONAL,PERSONAL,10424.62,,,
5,CORPORATIVO,JU,BANCA E INVERSION/MAYORISTA,SINDICA,PRESTAMO SINDICADO,MOBILIARIA(ACCIONES/FONDO),4122690.03,,2.174,
12,PARTICULARES,PERSONA F,BANCO COMERCIAL,HIPOTECAS,TIPO_VARIABLE,INMUEBLES,119227.32,2.089,,
2,PARTICULARES,PERSONA F,BANCO COMERCIAL,HIPOTECAS,TIPO_FIJO,INMUEBLES,154225.41,2.375,,
11,PARTICULARES,PERSONA F,BANCO COMERCIAL,TARJETA,TARJETA_CLASICA,NINGUNO,5038.14,,,
11,PARTICULARES,PERSONA F,BANCO COMERCIAL,HIPOTECAS,TIPO_FIJO,INMUEBLES,102361.61,2.11,,
6,CORPORATIVO,JU,BANCA E INVERSION/MAYORISTA,SINDICA,PRESTAMO SINDICADO,MOBILIARIA(ACCIONES/FONDO),13888441.46,,2.085,
2,CORPORATIVO,JU,BANCA E INVERSION/MAYORISTA,SINDICA,PRESTAMO SINDICADO,MOBILIARIA(ACCIONES/FONDO),6352130.37,,2.54,
12,PARTICULARES,PERSONA F,BANCO COMERCIAL,HIPOTECAS,TIPO_VARIABLE,INMUEBLES,194095.46,2.089,,
7,PARTICULARES,PERSONA F,BANCO COMERCIAL,HIPOTECAS,TIPO_FIJO,INMUEBLES,133355.94,1.972,,
3,PYMES,JU,BANCO COMERCIAL,COMERC,LINEA DE CREDITO,PERSONAL,103763.12,,2.406,
7,PYMES,JU,BANCO COMERCIAL,COMERC,LINEA DE CREDITO,PERSONAL,140403.34,,2.002,
5,PARTICULARES,PERSONA F,BANCO COMERCIAL,TARJETA,TARJETA_CLASICA,NINGUNO,4067.11,,,
2,CORPORATIVO,JU,BANCA E INVERSION/MAYORISTA,SINDICA,PRESTAMO SINDICADO,MOBILIARIA(ACCIONES/FONDO),3927503.85,,2.54,
7,PARTICULARES,PERSONA F,BANCO COMERCIAL,HIPOTECAS,TIPO_VARIABLE,INMUEBLES,311125.3,1.972,,
3,PYMES,JU,BANCO COMERCIAL,COMERC,LINEA DE CREDITO,PERSONAL,23732.94,,2.406,
10,PARTICULARES,PERSONA F,FINANCIERA DE CONSUMO,PRESTAMOS,PRESTAMO_PERSONAL,PERSONAL,20877.61,,,
10,PARTICULARES,PERSONA F,BANCO COMERCIAL,TARJETA,TARJETA_CLASICA,NINGUNO,4340.17,,,
2,PARTICULARES,PERSONA F,BANCO COMERCIAL,TARJETA,TARJETA_CLASICA,NINGUNO,5192.91,,,
6,PARTICULARES,PERSONA F,FINANCIERA DE CONSUMO,PRESTAMOS,PRESTAMO_PERSONAL,PERSONAL,34976.99,,,
2,CORPORATIVO,JU,BANCA E INVERSION/MAYORISTA,SINDICA,PRESTAMO SINDICADO,MOBILIARIA(ACCIONES/FONDO),12747103.07,,2.54,
4,PARTICULARES,PERSONA F,BANCO COMERCIAL,TARJETA,TARJETA_CLASICA,NINGUNO,5901.74,,,
4,PARTICULARES,PERSONA F,BANCO COMERCIAL,TARJETA,TARJETA_CLASICA,NINGUNO,2840.28,,,
9,PARTICULARES,PERSONA F,BANCO COMERCIAL,TARJETA,TARJETA_CLASICA,NINGUNO,2217.27,,,
12,PARTICULARES,PERSONA F,BANCO COMERCIAL,HIPOTECAS,TIPO_VARIABLE,INMUEBLES,381585.63,2.089,,
7,PARTICULARES,PERSONA F,BANCO COMERCIAL,HIPOTECAS,TIPO_VARIABLE,INMUEBLES,312306.07,1.972,,
10,PARTICULARES,PERSONA F,BANCO COMERCIAL,TARJETA,TARJETA_CLASICA,NINGUNO,4080.19,,,
10,CORPORATIVO,JU,BANCA E INVERSION/MAYORISTA,SINDICA,PRESTAMO SINDICADO,MOBILIARIA(ACCIONES/FONDO),2126657.24,,1.948,
2,PARTICULARES,PERSONA F,BANCO COMERCIAL,TARJETA,TARJETA_CLASICA,NINGUNO,1867.24,,,
12,PARTICULARES,PERSONA F,BANCO COMERCIAL,HIPOTECAS,TIPO_FIJO,INMUEBLES,256623.44,2.089,,
3,CORPORATIVO,JU,BANCA E INVERSION/MAYORISTA,SINDICA,PRESTAMO SINDICADO,MOBILIARIA(ACCIONES/FONDO),2589113.77,,2.406,
2,PARTICULARES,PERSONA F,BANCO COMERCIAL,HIPOTECAS,TIPO_FIJO,INMUEBLES,334477.34,2.375,,
5,CORPORATIVO,JU,BANCA E INVERSION/MAYORISTA,SINDICA,PRESTAMO SINDICADO,MOBILIARIA(ACCIONES/FONDO),13656609.76,,2.174,
8,PYMES,JU,BANCO COMERCIAL,COMERC,LINEA DE CREDITO,PERSONAL,121746.68,,1.943,
12,CORPORATIVO,JU,BANCA E INVERSION/MAYORISTA,SINDICA,PRESTAMO SINDICADO,MOBILIARIA(ACCIONES/FONDO),1838957.6,,1.963,
4,PARTICULARES,PERSONA F,BANCO COMERCIAL,HIPOTECAS,TIPO_FIJO,INMUEBLES,190325.86,2.142,,
1,PARTICULARES,PERSONA F,FINANCIERA DE CONSUMO,PRESTAMOS,PRESTAMO_PERSONAL,PERSONAL,18943.31,,,
4,PARTICULARES,PERSONA F,BANCO COMERCIAL,HIPOTECAS,TIPO_FIJO,INMUEBLES,374965.88,2.142,,
9,PARTICULARES,PERSONA F,FINANCIERA DE CONSUMO,PRESTAMOS,PRESTAMO_PERSONAL,PERSONAL,8126.61,,,
11,CORPORATIVO,JU,BANCA E INVERSION/MAYORISTA,SINDICA,PRESTAMO SINDICADO,MOBILIARIA(ACCIONES/FONDO),8273231.09,,1.982,
1,PYMES,JU,BANCO COMERCIAL,COMERC,LINEA DE CREDITO,PERSONAL,100861.45,,2.632,
6,CORPORATIVO,JU,BANCA E INVERSION/MAYORISTA,SINDICA,PRESTAMO SINDICADO,MOBILIARIA(ACCIONES/FONDO),14502371.9,,2.085,
6,PARTICULARES,PERSONA F,FINANCIERA DE CONSUMO,PRESTAMOS,PRESTAMO_PERSONAL,PERSONAL,5524.35,,,
11,PYMES,JU,BANCO COMERCIAL,COMERC,LINEA DE CREDITO,PERSONAL,30642.71,,1.982,
12,PARTICULARES,PERSONA F,BANCO COMERCIAL,TARJETA,TARJETA_CLASICA,NINGUNO,1538.22,,,
5,PYMES,JU,BANCO COMERCIAL,COMERC,LINEA DE CREDITO,PERSONAL,26434.28,,2.174,
11,CORPORATIVO,JU,BANCA E INVERSION/MAYORISTA,SINDICA,PRESTAMO SINDICADO,MOBILIARIA(ACCIONES/FONDO),6424531.5,,1.982,
9,PARTICULARES,PERSONA F,BANCO COMERCIAL,HIPOTECAS,TIPO_VARIABLE,INMUEBLES,298661.52,2.024,,
8,PYMES,JU,BANCO COMERCIAL,COMERC,LINEA DE CREDITO,PERSONAL,62225.93,,1.943,
8,PYMES,JU,BANCO COMERCIAL,COMERC,LINEA DE CREDITO,PERSONAL,32336.01,,1.943,
10,PARTICULARES,PERSONA F,FINANCIERA DE CONSUMO,PRESTAMOS,PRESTAMO_PERSONAL,PERSONAL,19892.59,,,
12,PARTICULARES,PERSONA F,BANCO COMERCIAL,TARJETA,TARJETA_CLASICA,NINGUNO,4079.93,,,
11,PYMES,JU,BANCO COMERCIAL,COMERC,LINEA DE CREDITO,PERSONAL,34838.69,,1.982,
7,CORPORATIVO,JU,BANCA E INVERSION/MAYORISTA,SINDICA,PRESTAMO SINDICADO,MOBILIARIA(ACCIONES/FONDO),8859637.08,,2.002,
2,PARTICULARES,PERSONA F,BANCO COMERCIAL,HIPOTECAS,TIPO_FIJO,INMUEBLES,196331.26,2.375,,
4,PARTICULARES,PERSONA F,FINANCIERA DE CONSUMO,PRESTAMOS,PRESTAMO_PERSONAL,PERSONAL,23318.14,,,
4,PARTICULARES,PERSONA F,BANCO COMERCIAL,TARJETA,TARJETA_CLASICA,NINGUNO,5984.57,,,
8,PYMES,JU,BANCO COMERCIAL,COMERC,LINEA DE CREDITO,PERSONAL,33381.82,,1.943,
8,CORPORATIVO,JU,BANCA E INVERSION/MAYORISTA,SINDICA,PRESTAMO SINDICADO,MOBILIARIA(ACCIONES/FONDO),12879924.96,,1.943,
7,CORPORATIVO,JU,BANCA E INVERSION/MAYORISTA,SINDICA,PRESTAMO SINDICADO,MOBILIARIA(ACCIONES/FONDO),8247225.46,,2.002,
5,PARTICULARES,PERSONA F,BANCO COMERCIAL,HIPOTECAS,TIPO_FIJO,INMUEBLES,134679.93,2.058,,
9,PARTICULARES,PERSONA F,FINANCIERA DE CONSUMO,PRESTAMOS,PRESTAMO_PERSONAL,PERSONAL,28041.18,,,
5,PARTICULARES,PERSONA F,BANCO COMERCIAL,TARJETA,TARJETA_CLASICA,NINGUNO,1555.82,,,
7,PARTICULARES,PERSONA F,BANCO COMERCIAL,HIPOTECAS,TIPO_FIJO,INMUEBLES,123056.27,1.972,,
3,PARTICULARES,PERSONA F,BANCO COMERCIAL,HIPOTECAS,TIPO_FIJO,INMUEBLES,318073.78,2.262,,
2,PARTICULARES,PERSONA F,FINANCIERA DE CONSUMO,PRESTAMOS,PRESTAMO_PERSONAL,PERSONAL,8497.87,,,
2,PYMES,JU,BANCO COMERCIAL,COMERC,LINEA DE CREDITO,PERSONAL,64434.2,,2.54,
2,PYMES,JU,BANCO COMERCIAL,COMERC,LINEA DE CREDITO,PERSONAL,102619.12,,2.54,
10,PYMES,JU,BANCO COMERCIAL,COMERC,LINEA DE CREDITO,PERSONAL,79521.48,,1.948,
5,PARTICULARES,PERSONA F,BANCO COMERCIAL,TARJETA,TARJETA_CLASICA,NINGUNO,5144.52,,,
10,CORPORATIVO,JU,BANCA E INVERSION/MAYORISTA,SINDICA,PRESTAMO SINDICADO,MOBILIARIA(ACCIONES/FONDO),3595949.48,,1.948,
3,CORPORATIVO,JU,BANCA E INVERSION/MAYORISTA,SINDICA,PRESTAMO SINDICADO,MOBILIARIA(ACCIONES/FONDO),9856351.46,,2.406,
5,PYMES,JU,BANCO COMERCIAL,COMERC,LINEA DE CREDITO,PERSONAL,31220.0,,2.174,
1,PARTICULARES,PERSONA F,BANCO COMERCIAL,HIPOTECAS,TIPO_VARIABLE,INMUEBLES,274469.22,2.431,,
10,PYMES,JU,BANCO COMERCIAL,COMERC,LINEA DE CREDITO,PERSONAL,57122.93,,1.948,
8,PARTICULARES,PERSONA F,FINANCIERA DE CONSUMO,PRESTAMOS,PRESTAMO_PERSONAL,PERSONAL,12666.22,,,
12,PARTICULARES,PERSONA F,BANCO COMERCIAL,TARJETA,TARJETA_CLASICA,NINGUNO,4520.58,,,
8,PARTICULARES,PERSONA F,FINANCIERA DE CONSUMO,PRESTAMOS,PRESTAMO_PERSONAL,PERSONAL,18079.64,,,
10,PARTICULARES,PERSONA F,BANCO COMERCIAL,TARJETA,TARJETA_CLASICA,NINGUNO,4531.65,,,
5,PARTICULARES,PERSONA F,FINANCIERA DE CONSUMO,PRESTAMOS,PRESTAMO_PERSONAL,PERSONAL,7781.18,,,
6,PARTICULARES,PERSONA F,FINANCIERA DE CONSUMO,PRESTAMOS,PRESTAMO_PERSONAL,PERSONAL,20184.71,,,
1,PARTICULARES,PERSONA F,BANCO COMERCIAL,TARJETA,TARJETA_CLASICA,NINGUNO,2032.25,,,
2,PYMES,JU,BANCO COMERCIAL,COMERC,LINEA DE CREDITO,PERSONAL,134371.17,,2.54,
10,CORPORATIVO,JU,BANCA E INVERSION/MAYORISTA,SINDICA,PRESTAMO SINDICADO,MOBILIARIA(ACCIONES/FONDO),2797138.88,,1.948,
3,PARTICULARES,PERSONA F,FINANCIERA DE CONSUMO,PRESTAMOS,PRESTAMO_PERSONAL,PERSONAL,21118.01,,,
1,PARTICULARES,PERSONA F,BANCO COMERCIAL,HIPOTECAS,TIPO_FIJO,INMUEBLES,228451.8,2.431,,
11,PARTICULARES,PERSONA F,FINANCIERA DE CONSUMO,PRESTAMOS,PRESTAMO_PERSONAL,PERSONAL,28304.45,,,
7,PYMES,JU,BANCO COMERCIAL,COMERC,LINEA DE CREDITO,PERSONAL,125902.66,,2.002,
9,PARTICULARES,PERSONA F,BANCO COMERCIAL,HIPOTECAS,TIPO_FIJO,INMUEBLES,107073.47,2.024,,
11,PARTICULARES,PERSONA F,FINANCIERA DE CONSUMO,PRESTAMOS,PRESTAMO_PERSONAL,PERSONAL,7254.35,,,
8,CORPORATIVO,JU,BANCA E INVERSION/MAYORISTA,SINDICA,PRESTAMO SINDICADO,MOBILIARIA(ACCIONES/FONDO),10790058.76,,1.943,
6,PARTICULARES,PERSONA F,BANCO COMERCIAL,HIPOTECAS,TIPO_FIJO,INMUEBLES,281179.16,1.987,,
8,PYMES,JU,BANCO COMERCIAL,COMERC,LINEA DE CREDITO,PERSONAL,149808.21,,1.943,
1,PARTICULARES,PERSONA F,BANCO COMERCIAL,TARJETA,TARJETA_CLASICA,NINGUNO,3785.69,,,
4,CORPORATIVO,JU,BANCA E INVERSION/MAYORISTA,SINDICA,PRESTAMO SINDICADO,MOBILIARIA(ACCIONES/FONDO),7463694.2,,2.268,
10,CORPORATIVO,JU,BANCA E INVERSION/MAYORISTA,SINDICA,PRESTAMO SINDICADO,MOBILIARIA(ACCIONES/FONDO),7598749.65,,1.948,
6,PYMES,JU,BANCO COMERCIAL,COMERC,LINEA DE CREDITO,PERSONAL,50075.78,,2.085,
6,PARTICULARES,PERSONA F,BANCO COMERCIAL,HIPOTECAS,TIPO_VARIABLE,INMUEBLES,317198.29,1.987,,
1,PYMES,JU,BANCO COMERCIAL,COMERC,LINEA DE CREDITO,PERSONAL,118341.14,,2.632,
5,PYMES,JU,BANCO COMERCIAL,COMERC,LINEA DE CREDITO,PERSONAL,112535.5,,2.174,
6,PARTICULARES,PERSONA F,BANCO COMERCIAL,HIPOTECAS,TIPO_FIJO,INMUEBLES,302148.65,1.987,,
9,PYMES,JU,BANCO COMERCIAL,COMERC,LINEA DE CREDITO,PERSONAL,128567.12,,1.912,
11,CORPORATIVO,JU,BANCA E INVERSION/MAYORISTA,SINDICA,PRESTAMO SINDICADO,MOBILIARIA(ACCIONES/FONDO),4473809.53,,1.982,
4,PARTICULARES,PERSONA F,BANCO COMERCIAL,TARJETA,TARJETA_CLASICA,NINGUNO,5897.68,,,
12,PARTICULARES,PERSONA F,FINANCIERA DE CONSUMO,PRESTAMOS,PRESTAMO_PERSONAL,PERSONAL,23254.31,,,
9,PARTICULARES,PERSONA F,BANCO COMERCIAL,TARJETA,TARJETA_CLASICA,NINGUNO,1065.4,,,
4,PARTICULARES,PERSONA F,BANCO COMERCIAL,HIPOTECAS,TIPO_VARIABLE,INMUEBLES,330074.88,2.142,,
6,PARTICULARES,PERSONA F,BANCO COMERCIAL,HIPOTECAS,TIPO_VARIABLE,INMUEBLES,357521.44,1.987,,
5,PARTICULARES,PERSONA F,FINANCIERA DE CONSUMO,PRESTAMOS,PRESTAMO_PERSONAL,PERSONAL,27185.74,,,
6,PARTICULARES,PERSONA F,FINANCIERA DE CONSUMO,PRESTAMOS,PRESTAMO_PERSONAL,PERSONAL,33436.26,,,
1,PARTICULARES,PERSONA F,FINANCIERA DE CONSUMO,PRESTAMOS,PRESTAMO_PERSONAL,PERSONAL,9613.97,,,
2,PARTICULARES,PERSONA F,BANCO COMERCIAL,HIPOTECAS,TIPO_VARIABLE,INMUEBLES,239852.3,2.375,,
11,PARTICULARES,PERSONA F,BANCO COMERCIAL,TARJETA,TARJETA_CLASICA,NINGUNO,4248.99,,,
8,PARTICULARES,PERSONA F,BANCO COMERCIAL,TARJETA,TARJETA_CLASICA,NINGUNO,4098.69,,,
11,PARTICULARES,PERSONA F,FINANCIERA DE CONSUMO,PRESTAMOS,PRESTAMO_PERSONAL,PERSONAL,11063.48,,,
8,PARTICULARES,PERSONA F,BANCO COMERCIAL,TARJETA,TARJETA_CLASICA,NINGUNO,1777.54,,,
3,PARTICULARES,PERSONA F,BANCO COMERCIAL,TARJETA,TARJETA_CLASICA,NINGUNO,4769.24,,,
10,PARTICULARES,PERSONA F,FINANCIERA DE CONSUMO,PRESTAMOS,PRESTAMO_PERSONAL,PERSONAL,11177.31,,,
6,PARTICULARES,PERSONA F,FINANCIERA DE CONSUMO,PRESTAMOS,PRESTAMO_PERSONAL,PERSONAL,27277.72,,,
12,PYMES,JU,BANCO COMERCIAL,COMERC,LINEA DE CREDITO,PERSONAL,135257.4,,1.963,
3,PARTICULARES,PERSONA F,FINANCIERA DE CONSUMO,PRESTAMOS,PRESTAMO_PERSONAL,PERSONAL,25173.4,,,
1,CORPORATIVO,JU,BANCA E INVERSION/MAYORISTA,SINDICA,PRESTAMO SINDICADO,MOBILIARIA(ACCIONES/FONDO),11861690.97,,2.632,
8,CORPORATIVO,JU,BANCA E INVERSION/MAYORISTA,SINDICA,PRESTAMO SINDICADO,MOBILIARIA(ACCIONES/FONDO),13757233.86,,1.943,
9,PARTICULARES,PERSONA F,FINANCIERA DE CONSUMO,PRESTAMOS,PRESTAMO_PERSONAL,PERSONAL,22604.11,,,
3,PYMES,JU,BANCO COMERCIAL,COMERC,LINEA DE CREDITO,PERSONAL,133295.19,,2.406,
1,PARTICULARES,PERSONA F,FINANCIERA DE CONSUMO,PRESTAMOS,PRESTAMO_PERSONAL,PERSONAL,25323.24,,,
8,PARTICULARES,PERSONA F,BANCO COMERCIAL,TARJETA,TARJETA_CLASICA,NINGUNO,2805.25,,,
2,CORPORATIVO,JU,BANCA E INVERSION/MAYORISTA,SINDICA,PRESTAMO SINDICADO,MOBILIARIA(ACCIONES/FONDO),14489920.42,,2.54,
12,CORPORATIVO,JU,BANCA E INVERSION/MAYORISTA,SINDICA,PRESTAMO SINDICADO,MOBILIARIA(ACCIONES/FONDO),14090030.57,,1.963,
12,PARTICULARES,PERSONA F,FINANCIERA DE CONSUMO,PRESTAMOS,PRESTAMO_PERSONAL,PERSONAL,19914.2,,,
12,PYMES,JU,BANCO COMERCIAL,COMERC,LINEA DE CREDITO,PERSONAL,33268.61,,1.963,
7,PYMES,JU,BANCO COMERCIAL,COMERC,LINEA DE CREDITO,PERSONAL,79493.89,,2.002,
11,PARTICULARES,PERSONA F,BANCO COMERCIAL,HIPOTECAS,TIPO_FIJO,INMUEBLES,348109.87,2.11,,
10,PARTICULARES,PERSONA F,BANCO COMERCIAL,HIPOTECAS,TIPO_FIJO,INMUEBLES,190568.59,2.066,,
4,PARTICULARES,PERSONA F,BANCO COMERCIAL,HIPOTECAS,TIPO_VARIABLE,INMUEBLES,357886.55,2.142,,
11,PARTICULARES,PERSONA F,BANCO COMERCIAL,HIPOTECAS,TIPO_VARIABLE,INMUEBLES,165225.03,2.11,,
8,PARTICULARES,PERSONA F,BANCO COMERCIAL,HIPOTECAS,TIPO_VARIABLE,INMUEBLES,175072.68,1.985,,
9,CORPORATIVO,JU,BANCA E INVERSION/MAYORISTA,SINDICA,PRESTAMO SINDICADO,MOBILIARIA(ACCIONES/FONDO),13237284.53,,1.912,
12,PARTICULARES,PERSONA F,BANCO COMERCIAL,TARJETA,TARJETA_CLASICA,NINGUNO,1099.85,,,
7,PARTICULARES,PERSONA F,FINANCIERA DE CONSUMO,PRESTAMOS,PRESTAMO_PERSONAL,PERSONAL,26881.06,,,
3,CORPORATIVO,JU,BANCA E INVERSION/MAYORISTA,SINDICA,PRESTAMO SINDICADO,MOBILIARIA(ACCIONES/FONDO),3680615.36,,2.406,
3,PARTICULARES,PERSONA F,BANCO COMERCIAL,TARJETA,TARJETA_CLASICA,NINGUNO,1794.35,,,
8,PYMES,JU,BANCO COMERCIAL,COMERC,LINEA DE CREDITO,PERSONAL,113351.17,,1.943,
2,CORPORATIVO,JU,BANCA E INVERSION/MAYORISTA,SINDICA,PRESTAMO SINDICADO,MOBILIARIA(ACCIONES/FONDO),5702052.43,,2.54,
6,PYMES,JU,BANCO COMERCIAL,COMERC,LINEA DE CREDITO,PERSONAL,43761.53,,2.085,
12,PARTICULARES,PERSONA F,FINANCIERA DE CONSUMO,PRESTAMOS,PRESTAMO_PERSONAL,PERSONAL,32152.16,,,
1,CORPORATIVO,JU,BANCA E INVERSION/MAYORISTA,SINDICA,PRESTAMO SINDICADO,MOBILIARIA(ACCIONES/FONDO),13315114.09,,2.632,
1,CORPORATIVO,JU,BANCA E INVERSION/MAYORISTA,SINDICA,PRESTAMO SINDICADO,MOBILIARIA(ACCIONES/FONDO),12724927.47,,2.632,
12,PARTICULARES,PERSONA F,BANCO COMERCIAL,TARJETA,TARJETA_CLASICA,NINGUNO,1130.38,,,
3,PARTICULARES,PERSONA F,FINANCIERA DE CONSUMO,PRESTAMOS,PRESTAMO_PERSONAL,PERSONAL,7932.05,,,
6,PARTICULARES,PERSONA F,BANCO COMERCIAL,HIPOTECAS,TIPO_FIJO,INMUEBLES,217141.4,1.987,,
10,PYMES,JU,BANCO COMERCIAL,COMERC,LINEA DE CREDITO,PERSONAL,134547.78,,1.948,
9,PARTICULARES,PERSONA F,BANCO COMERCIAL,TARJETA,TARJETA_CLASICA,NINGUNO,3153.13,,,
8,PYMES,JU,BANCO COMERCIAL,COMERC,LINEA DE CREDITO,PERSONAL,53323.18,,1.943,
2,PARTICULARES,PERSONA F,BANCO COMERCIAL,HIPOTECAS,TIPO_VARIABLE,INMUEBLES,146813.15,2.375,,
4,PARTICULARES,PERSONA F,BANCO COMERCIAL,HIPOTECAS,TIPO_VARIABLE,INMUEBLES,193523.4,2.142,,
2,PARTICULARES,PERSONA F,BANCO COMERCIAL,HIPOTECAS,TIPO_FIJO,INMUEBLES,108888.41,2.375,,
1,PARTICULARES,PERSONA F,BANCO COMERCIAL,TARJETA,TARJETA_CLASICA,NINGUNO,1457.37,,,
8,PARTICULARES,PERSONA F,FINANCIERA DE CONSUMO,PRESTAMOS,PRESTAMO_PERSONAL,PERSONAL,20107.23,,,
6,CORPORATIVO,JU,BANCA E INVERSION/MAYORISTA,SINDICA,PRESTAMO SINDICADO,MOBILIARIA(ACCIONES/FONDO),6549618.95,,2.085,
4,PARTICULARES,PERSONA F,BANCO COMERCIAL,TARJETA,TARJETA_CLASICA,NINGUNO,2437.51,,,
4,PARTICULARES,PERSONA F,FINANCIERA DE CONSUMO,PRESTAMOS,PRESTAMO_PERSONAL,PERSONAL,19079.68,,,
7,PARTICULARES,PERSONA F,BANCO COMERCIAL,HIPOTECAS,TIPO_FIJO,INMUEBLES,107662.41,1.972,,
3,PARTICULARES,PERSONA F,BANCO COMERCIAL,TARJETA,TARJETA_CLASICA,NINGUNO,4062.65,,,
5,CORPORATIVO,JU,BANCA E INVERSION/MAYORISTA,SINDICA,PRESTAMO SINDICADO,MOBILIARIA(ACCIONES/FONDO),10195337.65,,2.174,
10,CORPORATIVO,JU,BANCA E INVERSION/MAYORISTA,SINDICA,PRESTAMO SINDICADO,MOBILIARIA(ACCIONES/FONDO),4947673.13,,1.948,
1,PYMES,JU,BANCO COMERCIAL,COMERC,LINEA DE CREDITO,PERSONAL,100514.1,,2.632,
8,PARTICULARES,PERSONA F,FINANCIERA DE CONSUMO,PRESTAMOS,PRESTAMO_PERSONAL,PERSONAL,9787.19,,,
3,PARTICULARES,PERSONA F,BANCO COMERCIAL,HIPOTECAS,TIPO_VARIABLE,INMUEBLES,392186.69,2.262,,
12,PARTICULARES,PERSONA F,FINANCIERA DE CONSUMO,PRESTAMOS,PRESTAMO_PERSONAL,PERSONAL,24237.57,,,
7,PARTICULARES,PERSONA F,FINANCIERA DE CONSUMO,PRESTAMOS,PRESTAMO_PERSONAL,PERSONAL,9105.69,,,
4,CORPORATIVO,JU,BANCA E INVERSION/MAYORISTA,SINDICA,PRESTAMO SINDICADO,MOBILIARIA(ACCIONES/FONDO),4134800.31,,2.268,
9,PARTICULARES,PERSONA F,BANCO COMERCIAL,HIPOTECAS,TIPO_VARIABLE,INMUEBLES,370316.64,2.024,,
9,PARTICULARES,PERSONA F,BANCO COMERCIAL,TARJETA,TARJETA_CLASICA,NINGUNO,4377.19,,,
1,PARTICULARES,PERSONA F,BANCO COMERCIAL,TARJETA,TARJETA_CLASICA,NINGUNO,3757.99,,,
5,PARTICULARES,PERSONA F,BANCO COMERCIAL,HIPOTECAS,TIPO_FIJO,INMUEBLES,384069.02,2.058,,
12,PARTICULARES,PERSONA F,BANCO COMERCIAL,TARJETA,TARJETA_CLASICA,NINGUNO,1474.53,,,
10,PARTICULARES,PERSONA F,FINANCIERA DE CONSUMO,PRESTAMOS,PRESTAMO_PERSONAL,PERSONAL,22989.51,,,
11,PARTICULARES,PERSONA F,BANCO COMERCIAL,TARJETA,TARJETA_CLASICA,NINGUNO,2157.15,,,
2,PYMES,JU,BANCO COMERCIAL,COMERC,LINEA DE CREDITO,PERSONAL,98086.43,,2.54,
1,PARTICULARES,PERSONA F,BANCO COMERCIAL,HIPOTECAS,TIPO_VARIABLE,INMUEBLES,353443.22,2.431,,
11,PARTICULARES,PERSONA F,BANCO COMERCIAL,TARJETA,TARJETA_CLASICA,NINGUNO,4225.17,,,
11,PYMES,JU,BANCO COMERCIAL,COMERC,LINEA DE CREDITO,PERSONAL,39498.92,,1.982,
6,PARTICULARES,PERSONA F,FINANCIERA DE CONSUMO,PRESTAMOS,PRESTAMO_PERSONAL,PERSONAL,18991.6,,,
5,PYMES,JU,BANCO COMERCIAL,COMERC,LINEA DE CREDITO,PERSONAL,133678.13,,2.174,
6,PARTICULARES,PERSONA F,BANCO COMERCIAL,HIPOTECAS,TIPO_VARIABLE,INMUEBLES,181533.45,1.987,,
11,PARTICULARES,PERSONA F,BANCO COMERCIAL,HIPOTECAS,TIPO_VARIABLE,INMUEBLES,175288.11,2.11,,
12,PARTICULARES,PERSONA F,FINANCIERA DE CONSUMO,PRESTAMOS,PRESTAMO_PERSONAL,PERSONAL,17912.34,,,
12,PYMES,JU,BANCO COMERCIAL,COMERC,LINEA DE CREDITO,PERSONAL,117911.3,,1.963,
8,PYMES,JU,BANCO COMERCIAL,COMERC,LINEA DE CREDITO,PERSONAL,28251.62,,1.943,
9,PARTICULARES,PERSONA F,BANCO COMERCIAL,HIPOTECAS,TIPO_FIJO,INMUEBLES,355227.77,2.024,,
10,CORPORATIVO,JU,BANCA E INVERSION/MAYORISTA,SINDICA,PRESTAMO SINDICADO,MOBILIARIA(ACCIONES/FONDO),12520496.73,,1.948,
6,PARTICULARES,PERSONA F,FINANCIERA DE CONSUMO,PRESTAMOS,PRESTAMO_PERSONAL,PERSONAL,13072.28,,,
9,PARTICULARES,PERSONA F,BANCO COMERCIAL,HIPOTECAS,TIPO_FIJO,INMUEBLES,203344.16,2.024,,
3,PYMES,JU,BANCO COMERCIAL,COMERC,LINEA DE CREDITO,PERSONAL,61464.83,,2.406,
4,PARTICULARES,PERSONA F,BANCO COMERCIAL,TARJETA,TARJETA_CLASICA,NINGUNO,4208.33,,,
3,PARTICULARES,PERSONA F,BANCO COMERCIAL,TARJETA,TARJETA_CLASICA,NINGUNO,5265.86,,,
6,CORPORATIVO,JU,BANCA E INVERSION/MAYORISTA,SINDICA,PRESTAMO SINDICADO,MOBILIARIA(ACCIONES/FONDO),4048662.0,,2.085,
12,PYMES,JU,BANCO COMERCIAL,COMERC,LINEA DE CREDITO,PERSONAL,34729.86,,1.963,
6,CORPORATIVO,JU,BANCA E INVERSION/MAYORISTA,SINDICA,PRESTAMO SINDICADO,MOBILIARIA(ACCIONES/FONDO),9095743.36,,2.085,
9,PYMES,JU,BANCO COMERCIAL,COMERC,LINEA DE CREDITO,PERSONAL,93740.34,,1.912,
8,CORPORATIVO,JU,BANCA E INVERSION/MAYORISTA,SINDICA,PRESTAMO SINDICADO,MOBILIARIA(ACCIONES/FONDO),7288923.43,,1.943,
4,PYMES,JU,BANCO COMERCIAL,COMERC,LINEA DE CREDITO,PERSONAL,149302.88,,2.268,
10,PARTICULARES,PERSONA F,BANCO COMERCIAL,TARJETA,TARJETA_CLASICA,NINGUNO,3208.39,,,
2,PARTICULARES,PERSONA F,BANCO COMERCIAL,HIPOTECAS,TIPO_VARIABLE,INMUEBLES,131389.19,2.375,,
6,PARTICULARES,PERSONA F,FINANCIERA DE CONSUMO,PRESTAMOS,PRESTAMO_PERSONAL,PERSONAL,9518.86,,,
9,CORPORATIVO,JU,BANCA E INVERSION/MAYORISTA,SINDICA,PRESTAMO SINDICADO,MOBILIARIA(ACCIONES/FONDO),10736129.91,,1.912,
2,PARTICULARES,PERSONA F,FINANCIERA DE CONSUMO,PRESTAMOS,PRESTAMO_PERSONAL,PERSONAL,8063.58,,,
8,PARTICULARES,PERSONA F,FINANCIERA DE CONSUMO,PRESTAMOS,PRESTAMO_PERSONAL,PERSONAL,6816.18,,,
1,PYMES,JU,BANCO COMERCIAL,COMERC,LINEA DE CREDITO,PERSONAL,83160.16,,2.632,
2,PARTICULARES,PERSONA F,BANCO COMERCIAL,TARJETA,TARJETA_CLASICA,NINGUNO,1096.95,,,
7,CORPORATIVO,JU,BANCA E INVERSION/MAYORISTA,SINDICA,PRESTAMO SINDICADO,MOBILIARIA(ACCIONES/FONDO),14486205.84,,2.002,
2,PARTICULARES,PERSONA F,FINANCIERA DE CONSUMO,PRESTAMOS,PRESTAMO_PERSONAL,PERSONAL,31382.49,,,
6,CORPORATIVO,JU,BANCA E INVERSION/MAYORISTA,SINDICA,PRESTAMO SINDICADO,MOBILIARIA(ACCIONES/FONDO),11439054.06,,2.085,
12,PYMES,JU,BANCO COMERCIAL,COMERC,LINEA DE CREDITO,PERSONAL,136762.85,,1.963,
4,PARTICULARES,PERSONA F,FINANCIERA DE CONSUMO,PRESTAMOS,PRESTAMO_PERSONAL,PERSONAL,29357.5,,,
11,PYMES,JU,BANCO COMERCIAL,COMERC,LINEA DE CREDITO,PERSONAL,51741.83,,1.982,
5,PARTICULARES,PERSONA F,FINANCIERA DE CONSUMO,PRESTAMOS,PRESTAMO_PERSONAL,PERSONAL,33383.86,,,
5,PARTICULARES,PERSONA F,BANCO COMERCIAL,HIPOTECAS,TIPO_VARIABLE,INMUEBLES,289305.54,2.058,,
2,PARTICULARES,PERSONA F,BANCO COMERCIAL,HIPOTECAS,TIPO_VARIABLE,INMUEBLES,116924.39,2.375,,
5,PARTICULARES,PERSONA F,BANCO COMERCIAL,HIPOTECAS,TIPO_FIJO,INMUEBLES,352295.42,2.058,,
11,CORPORATIVO,JU,BANCA E INVERSION/MAYORISTA,SINDICA,PRESTAMO SINDICADO,MOBILIARIA(ACCIONES/FONDO),12618916.25,,1.982,
9,PARTICULARES,PERSONA F,FINANCIERA DE CONSUMO,PRESTAMOS,PRESTAMO_PERSONAL,PERSONAL,13229.43,,,
9,PARTICULARES,PERSONA F,FINANCIERA DE CONSUMO,PRESTAMOS,PRESTAMO_PERSONAL,PERSONAL,34196.56,,,
5,PARTICULARES,PERSONA F,FINANCIERA DE CONSUMO,PRESTAMOS,PRESTAMO_PERSONAL,PERSONAL,11907.79,,,
4,PARTICULARES,PERSONA F,BANCO COMERCIAL,HIPOTECAS,TIPO_FIJO,INMUEBLES,392569.7,2.142,,
2,CORPORATIVO,JU,BANCA E INVERSION/MAYORISTA,SINDICA,PRESTAMO SINDICADO,MOBILIARIA(ACCIONES/FONDO),9113688.7,,2.54,
8,PARTICULARES,PERSONA F,BANCO COMERCIAL,HIPOTECAS,TIPO_FIJO,INMUEBLES,281630.84,1.985,,
12,PARTICULARES,PERSONA F,BANCO COMERCIAL,TARJETA,TARJETA_CLASICA,NINGUNO,5759.2,,,
7,PARTICULARES,PERSONA F,BANCO COMERCIAL,TARJETA,TARJETA_CLASICA,NINGUNO,4325.41,,,
4,PARTICULARES,PERSONA F,BANCO COMERCIAL,TARJETA,TARJETA_CLASICA,NINGUNO,1918.26,,,
1,PARTICULARES,PERSONA F,FINANCIERA DE CONSUMO,PRESTAMOS,PRESTAMO_PERSONAL,PERSONAL,18209.83,,,
9,CORPORATIVO,JU,BANCA E INVERSION/MAYORISTA,SINDICA,PRESTAMO SINDICADO,MOBILIARIA(ACCIONES/FONDO),5033963.69,,1.912,
2,CORPORATIVO,JU,BANCA E INVERSION/MAYORISTA,SINDICA,PRESTAMO SINDICADO,MOBILIARIA(ACCIONES/FONDO),7673658.04,,2.54,
4,PYMES,JU,BANCO COMERCIAL,COMERC,LINEA DE CREDITO,PERSONAL,20156.65,,2.268,
8,PARTICULARES,PERSONA F,BANCO COMERCIAL,TARJETA,TARJETA_CLASICA,NINGUNO,4249.02,,,
10,PARTICULARES,PERSONA F,FINANCIERA DE CONSUMO,PRESTAMOS,PRESTAMO_PERSONAL,PERSONAL,7657.41,,,
8,PARTICULARES,PERSONA F,BANCO COMERCIAL,HIPOTECAS,TIPO_VARIABLE,INMUEBLES,165909.58,1.985,,
10,PARTICULARES,PERSONA F,BANCO COMERCIAL,TARJETA,TARJETA_CLASICA,NINGUNO,1340.09,,,
5,PYMES,JU,BANCO COMERCIAL,COMERC,LINEA DE CREDITO,PERSONAL,66719.92,,2.174,
5,PYMES,JU,BANCO COMERCIAL,COMERC,LINEA DE CREDITO,PERSONAL,71782.55,,2.174,
5,PARTICULARES,PERSONA F,BANCO COMERCIAL,TARJETA,TARJETA_CLASICA,NINGUNO,5575.13,,,
2,PARTICULARES,PERSONA F,BANCO COMERCIAL,HIPOTECAS,TIPO_VARIABLE,INMUEBLES,186282.01,2.375,,
4,PARTICULARES,PERSONA F,BANCO COMERCIAL,HIPOTECAS,TIPO_VARIABLE,INMUEBLES,341618.24,2.142,,
11,PARTICULARES,PERSONA F,BANCO COMERCIAL,HIPOTECAS,TIPO_VARIABLE,INMUEBLES,141718.87,2.11,,
2,PYMES,JU,BANCO COMERCIAL,COMERC,LINEA DE CREDITO,PERSONAL,56363.91,,2.54,
12,PARTICULARES,PERSONA F,FINANCIERA DE CONSUMO,PRESTAMOS,PRESTAMO_PERSONAL,PERSONAL,11351.71,,,
6,PYMES,JU,BANCO COMERCIAL,COMERC,LINEA DE CREDITO,PERSONAL,26688.83,,2.085,
3,PARTICULARES,PERSONA F,FINANCIERA DE CONSUMO,PRESTAMOS,PRESTAMO_PERSONAL,PERSONAL,6017.92,,,
12,PARTICULARES,PERSONA F,FINANCIERA DE CONSUMO,PRESTAMOS,PRESTAMO_PERSONAL,PERSONAL,12698.34,,,
3,PARTICULARES,PERSONA F,BANCO COMERCIAL,HIPOTECAS,TIPO_VARIABLE,INMUEBLES,278408.06,2.262,,
7,PARTICULARES,PERSONA F,BANCO COMERCIAL,HIPOTECAS,TIPO_FIJO,INMUEBLES,240574.23,1.972,,
3,PYMES,JU,BANCO COMERCIAL,COMERC,LINEA DE CREDITO,PERSONAL,111334.28,,2.406,
11,PARTICULARES,PERSONA F,BANCO COMERCIAL,HIPOTECAS,TIPO_FIJO,INMUEBLES,385144.18,2.11,,
6,PARTICULARES,PERSONA F,BANCO COMERCIAL,TARJETA,TARJETA_CLASICA,NINGUNO,2038.85,,,
2,PYMES,JU,BANCO COMERCIAL,COMERC,LINEA DE CREDITO,PERSONAL,38354.19,,2.54,
2,PYMES,JU,BANCO COMERCIAL,COMERC,LINEA DE CREDITO,PERSONAL,31334.25,,2.54,
11,PARTICULARES,PERSONA F,FINANCIERA DE CONSUMO,PRESTAMOS,PRESTAMO_PERSONAL,PERSONAL,34408.31,,,
5,PARTICULARES,PERSONA F,FINANCIERA DE CONSUMO,PRESTAMOS,PRESTAMO_PERSONAL,PERSONAL,24887.16,,,
5,PARTICULARES,PERSONA F,BANCO COMERCIAL,HIPOTECAS,TIPO_FIJO,INMUEBLES,104673.22,2.058,,
9,PARTICULARES,PERSONA F,BANCO COMERCIAL,TARJETA,TARJETA_CLASICA,NINGUNO,1611.82,,,
11,PYMES,JU,BANCO COMERCIAL,COMERC,LINEA DE CREDITO,PERSONAL,102819.81,,1.982,
7,CORPORATIVO,JU,BANCA E INVERSION/MAYORISTA,SINDICA,PRESTAMO SINDICADO,MOBILIARIA(ACCIONES/FONDO),14123628.07,,2.002,
6,PARTICULARES,PERSONA F,BANCO COMERCIAL,TARJETA,TARJETA_CLASICA,NINGUNO,1500.4,,,
11,PARTICULARES,PERSONA F,BANCO COMERCIAL,HIPOTECAS,TIPO_FIJO,INMUEBLES,89859.41,2.11,,
7,PARTICULARES,PERSONA F,FINANCIERA DE CONSUMO,PRESTAMOS,PRESTAMO_PERSONAL,PERSONAL,6088.7,,,
11,PARTICULARES,PERSONA F,FINANCIERA DE CONSUMO,PRESTAMOS,PRESTAMO_PERSONAL,PERSONAL,5943.46,,,
4,PARTICULARES,PERSONA F,BANCO COMERCIAL,HIPOTECAS,TIPO_FIJO,INMUEBLES,113981.71,2.142,,
9,PARTICULARES,PERSONA F,FINANCIERA DE CONSUMO,PRESTAMOS,PRESTAMO_PERSONAL,PERSONAL,27358.2,,,
6,PARTICULARES,PERSONA F,BANCO COMERCIAL,HIPOTECAS,TIPO_VARIABLE,INMUEBLES,239460.63,1.987,,
3,CORPORATIVO,JU,BANCA E INVERSION/MAYORISTA,SINDICA,PRESTAMO SINDICADO,MOBILIARIA(ACCIONES/FONDO),2106584.38,,2.406,
1,PARTICULARES,PERSONA F,BANCO COMERCIAL,TARJETA,TARJETA_CLASICA,NINGUNO,3418.11,,,
6,PARTICULARES,PERSONA F,BANCO COMERCIAL,TARJETA,TARJETA_CLASICA,NINGUNO,2325.62,,,
5,PARTICULARES,PERSONA F,BANCO COMERCIAL,TARJETA,TARJETA_CLASICA,NINGUNO,4227.06,,,
5,PARTICULARES,PERSONA F,BANCO COMERCIAL,HIPOTECAS,TIPO_VARIABLE,INMUEBLES,272664.8,2.058,,
8,PYMES,JU,BANCO COMERCIAL,COMERC,LINEA DE CREDITO,PERSONAL,96592.05,,1.943,
5,PYMES,JU,BANCO COMERCIAL,COMERC,LINEA DE CREDITO,PERSONAL,87281.46,,2.174,
6,PARTICULARES,PERSONA F,BANCO COMERCIAL,TARJETA,TARJETA_CLASICA,NINGUNO,4699.71,,,
4,CORPORATIVO,JU,BANCA E INVERSION/MAYORISTA,SINDICA,PRESTAMO SINDICADO,MOBILIARIA(ACCIONES/FONDO),13996696.76,,2.268,
9,PYMES,JU,BANCO COMERCIAL,COMERC,LINEA DE CREDITO,PERSONAL,92714.63,,1.912,
4,PARTICULARES,PERSONA F,FINANCIERA DE CONSUMO,PRESTAMOS,PRESTAMO_PERSONAL,PERSONAL,15259.74,,,
2,PYMES,JU,BANCO COMERCIAL,COMERC,LINEA DE CREDITO,PERSONAL,64975.97,,2.54,
12,CORPORATIVO,JU,BANCA E INVERSION/MAYORISTA,SINDICA,PRESTAMO SINDICADO,MOBILIARIA(ACCIONES/FONDO),7835978.14,,1.963,
6,PYMES,JU,BANCO COMERCIAL,COMERC,LINEA DE CREDITO,PERSONAL,126963.38,,2.085,
7,PARTICULARES,PERSONA F,BANCO COMERCIAL,TARJETA,TARJETA_CLASICA,NINGUNO,4365.7,,,
4,PARTICULARES,PERSONA F,BANCO COMERCIAL,HIPOTECAS,TIPO_FIJO,INMUEBLES,320629.54,2.142,,
5,PARTICULARES,PERSONA F,BANCO COMERCIAL,TARJETA,TARJETA_CLASICA,NINGUNO,3999.99,,,
6,PARTICULARES,PERSONA F,BANCO COMERCIAL,HIPOTECAS,TIPO_VARIABLE,INMUEBLES,220491.39,1.987,,
8,PARTICULARES,PERSONA F,BANCO COMERCIAL,HIPOTECAS,TIPO_FIJO,INMUEBLES,150493.47,1.985,,
1,PARTICULARES,PERSONA F,BANCO COMERCIAL,HIPOTECAS,TIPO_VARIABLE,INMUEBLES,108570.6,2.431,,
9,PYMES,JU,BANCO COMERCIAL,COMERC,LINEA DE CREDITO,PERSONAL,68764.53,,1.912,
9,PARTICULARES,PERSONA F,BANCO COMERCIAL,HIPOTECAS,TIPO_VARIABLE,INMUEBLES,202835.01,2.024,,
9,PARTICULARES,PERSONA F,BANCO COMERCIAL,TARJETA,TARJETA_CLASICA,NINGUNO,5295.18,,,
5,PARTICULARES,PERSONA F,BANCO COMERCIAL,HIPOTECAS,TIPO_FIJO,INMUEBLES,358325.14,2.058,,
9,PARTICULARES,PERSONA F,FINANCIERA DE CONSUMO,PRESTAMOS,PRESTAMO_PERSONAL,PERSONAL,13524.58,,,
11,CORPORATIVO,JU,BANCA E INVERSION/MAYORISTA,SINDICA,PRESTAMO SINDICADO,MOBILIARIA(ACCIONES/FONDO),1834993.11,,1.982,
1,PARTICULARES,PERSONA F,BANCO COMERCIAL,HIPOTECAS,TIPO_VARIABLE,INMUEBLES,396028.26,2.431,,
2,PARTICULARES,PERSONA F,FINANCIERA DE CONSUMO,PRESTAMOS,PRESTAMO_PERSONAL,PERSONAL,33194.74,,,
8,PARTICULARES,PERSONA F,FINANCIERA DE CONSUMO,PRESTAMOS,PRESTAMO_PERSONAL,PERSONAL,10722.44,,,
9,CORPORATIVO,JU,BANCA E INVERSION/MAYORISTA,SINDICA,PRESTAMO SINDICADO,MOBILIARIA(ACCIONES/FONDO),3261223.42,,1.912,
10,PARTICULARES,PERSONA F,BANCO COMERCIAL,HIPOTECAS,TIPO_VARIABLE,INMUEBLES,190091.05,2.066,,
6,PARTICULARES,PERSONA F,BANCO COMERCIAL,TARJETA,TARJETA_CLASICA,NINGUNO,4467.95,,,
8,PARTICULARES,PERSONA F,BANCO COMERCIAL,TARJETA,TARJETA_CLASICA,NINGUNO,5900.34,,,
8,PARTICULARES,PERSONA F,FINANCIERA DE CONSUMO,PRESTAMOS,PRESTAMO_PERSONAL,PERSONAL,30066.7,,,
11,PARTICULARES,PERSONA F,BANCO COMERCIAL,HIPOTECAS,TIPO_FIJO,INMUEBLES,295272.13,2.11,,
2,PARTICULARES,PERSONA F,FINANCIERA DE CONSUMO,PRESTAMOS,PRESTAMO_PERSONAL,PERSONAL,6510.63,,,
12,PARTICULARES,PERSONA F,BANCO COMERCIAL,HIPOTECAS,TIPO_VARIABLE,INMUEBLES,391507.75,2.089,,
5,PARTICULARES,PERSONA F,FINANCIERA DE CONSUMO,PRESTAMOS,PRESTAMO_PERSONAL,PERSONAL,21290.85,,,
10,PARTICULARES,PERSONA F,FINANCIERA DE CONSUMO,PRESTAMOS,PRESTAMO_PERSONAL,PERSONAL,10444.96,,,
3,PYMES,JU,BANCO COMERCIAL,COMERC,LINEA DE CREDITO,PERSONAL,111646.06,,2.406,
12,PARTICULARES,PERSONA F,BANCO COMERCIAL,TARJETA,TARJETA_CLASICA,NINGUNO,1328.91,,,
6,PARTICULARES,PERSONA F,BANCO COMERCIAL,HIPOTECAS,TIPO_FIJO,INMUEBLES,375336.02,1.987,,
6,PARTICULARES,PERSONA F,BANCO COMERCIAL,TARJETA,TARJETA_CLASICA,NINGUNO,3968.27,,,
3,PARTICULARES,PERSONA F,BANCO COMERCIAL,HIPOTECAS,TIPO_VARIABLE,INMUEBLES,384469.0,2.262,,
7,PARTICULARES,PERSONA F,FINANCIERA DE CONSUMO,PRESTAMOS,PRESTAMO_PERSONAL,PERSONAL,24412.36,,,
11,PARTICULARES,PERSONA F,BANCO COMERCIAL,TARJETA,TARJETA_CLASICA,NINGUNO,3033.96,,,
8,PARTICULARES,PERSONA F,FINANCIERA DE CONSUMO,PRESTAMOS,PRESTAMO_PERSONAL,PERSONAL,5929.88,,,
5,PYMES,JU,BANCO COMERCIAL,COMERC,LINEA DE CREDITO,PERSONAL,44674.3,,2.174,
1,PYMES,JU,BANCO COMERCIAL,COMERC,LINEA DE CREDITO,PERSONAL,70730.08,,2.632,
10,CORPORATIVO,JU,BANCA E INVERSION/MAYORISTA,SINDICA,PRESTAMO SINDICADO,MOBILIARIA(ACCIONES/FONDO),11040479.22,,1.948,
4,PARTICULARES,PERSONA F,BANCO COMERCIAL,TARJETA,TARJETA_CLASICA,NINGUNO,5345.07,,,
11,PARTICULARES,PERSONA F,BANCO COMERCIAL,TARJETA,TARJETA_CLASICA,NINGUNO,3754.64,,,
6,PARTICULARES,PERSONA F,BANCO COMERCIAL,TARJETA,TARJETA_CLASICA,NINGUNO,4331.84,,,
8,PARTICULARES,PERSONA F,FINANCIERA DE CONSUMO,PRESTAMOS,PRESTAMO_PERSONAL,PERSONAL,15913.52,,,
9,CORPORATIVO,JU,BANCA E INVERSION/MAYORISTA,SINDICA,PRESTAMO SINDICADO,MOBILIARIA(ACCIONES/FONDO),5563218.63,,1.912,
11,PARTICULARES,PERSONA F,BANCO COMERCIAL,HIPOTECAS,TIPO_VARIABLE,INMUEBLES,146789.52,2.11,,
10,CORPORATIVO,JU,BANCA E INVERSION/MAYORISTA,SINDICA,PRESTAMO SINDICADO,MOBILIARIA(ACCIONES/FONDO),13594055.39,,1.948,
8,PARTICULARES,PERSONA F,BANCO COMERCIAL,TARJETA,TARJETA_CLASICA,NINGUNO,1172.1,,,
1,CORPORATIVO,JU,BANCA E INVERSION/MAYORISTA,SINDICA,PRESTAMO SINDICADO,MOBILIARIA(ACCIONES/FONDO),3960359.27,,2.632,
6,PARTICULARES,PERSONA F,BANCO COMERCIAL,HIPOTECAS,TIPO_VARIABLE,INMUEBLES,336884.8,1.987,,
9,PARTICULARES,PERSONA F,FINANCIERA DE CONSUMO,PRESTAMOS,PRESTAMO_PERSONAL,PERSONAL,24970.2,,,
3,PYMES,JU,BANCO COMERCIAL,COMERC,LINEA DE CREDITO,PERSONAL,109264.37,,2.406,
11,CORPORATIVO,JU,BANCA E INVERSION/MAYORISTA,SINDICA,PRESTAMO SINDICADO,MOBILIARIA(ACCIONES/FONDO),12052067.21,,1.982,
8,PYMES,JU,BANCO COMERCIAL,COMERC,LINEA DE CREDITO,PERSONAL,90301.18,,1.943,
8,PARTICULARES,PERSONA F,BANCO COMERCIAL,HIPOTECAS,TIPO_VARIABLE,INMUEBLES,96586.47,1.985,,
10,PARTICULARES,PERSONA F,BANCO COMERCIAL,TARJETA,TARJETA_CLASICA,NINGUNO,4465.1,,,
11,PARTICULARES,PERSONA F,FINANCIERA DE CONSUMO,PRESTAMOS,PRESTAMO_PERSONAL,PERSONAL,33745.65,,,
11,CORPORATIVO,JU,BANCA E INVERSION/MAYORISTA,SINDICA,PRESTAMO SINDICADO,MOBILIARIA(ACCIONES/FONDO),11701495.59,,1.982,
8,PYMES,JU,BANCO COMERCIAL,COMERC,LINEA DE CREDITO,PERSONAL,28487.21,,1.943,
4,PARTICULARES,PERSONA F,BANCO COMERCIAL,TARJETA,TARJETA_CLASICA,NINGUNO,1648.67,,,
3,PARTICULARES,PERSONA F,BANCO COMERCIAL,HIPOTECAS,TIPO_FIJO,INMUEBLES,367046.66,2.262,,
6,PARTICULARES,PERSONA F,FINANCIERA DE CONSUMO,PRESTAMOS,PRESTAMO_PERSONAL,PERSONAL,28819.68,,,
6,PARTICULARES,PERSONA F,FINANCIERA DE CONSUMO,PRESTAMOS,PRESTAMO_PERSONAL,PERSONAL,22180.99,,,
1,PYMES,JU,BANCO COMERCIAL,COMERC,LINEA DE CREDITO,PERSONAL,137271.83,,2.632,
4,CORPORATIVO,JU,BANCA E INVERSION/MAYORISTA,SINDICA,PRESTAMO SINDICADO,MOBILIARIA(ACCIONES/FONDO),10943208.72,,2.268,
10,PARTICULARES,PERSONA F,FINANCIERA DE CONSUMO,PRESTAMOS,PRESTAMO_PERSONAL,PERSONAL,13818.89,,,
4,PARTICULARES,PERSONA F,BANCO COMERCIAL,HIPOTECAS,TIPO_FIJO,INMUEBLES,236140.4,2.142,,
11,CORPORATIVO,JU,BANCA E INVERSION/MAYORISTA,SINDICA,PRESTAMO SINDICADO,MOBILIARIA(ACCIONES/FONDO),2111381.27,,1.982,
11,PARTICULARES,PERSONA F,BANCO COMERCIAL,HIPOTECAS,TIPO_FIJO,INMUEBLES,240052.28,2.11,,
3,PARTICULARES,PERSONA F,BANCO COMERCIAL,TARJETA,TARJETA_CLASICA,NINGUNO,1345.39,,,
6,PARTICULARES,PERSONA F,FINANCIERA DE CONSUMO,PRESTAMOS,PRESTAMO_PERSONAL,PERSONAL,25492.46,,,
5,PYMES,JU,BANCO COMERCIAL,COMERC,LINEA DE CREDITO,PERSONAL,95366.23,,2.174,
11,PARTICULARES,PERSONA F,BANCO COMERCIAL,HIPOTECAS,TIPO_FIJO,INMUEBLES,276188.76,2.11,,
11,PARTICULARES,PERSONA F,BANCO COMERCIAL,HIPOTECAS,TIPO_FIJO,INMUEBLES,225660.45,2.11,,
12,PARTICULARES,PERSONA F,BANCO COMERCIAL,TARJETA,TARJETA_CLASICA,NINGUNO,1642.94,,,
12,PARTICULARES,PERSONA F,FINANCIERA DE CONSUMO,PRESTAMOS,PRESTAMO_PERSONAL,PERSONAL,29571.59,,,
6,PARTICULARES,PERSONA F,BANCO COMERCIAL,TARJETA,TARJETA_CLASICA,NINGUNO,4119.03,,,
2,PARTICULARES,PERSONA F,BANCO COMERCIAL,HIPOTECAS,TIPO_FIJO,INMUEBLES,284430.36,2.375,,
12,PARTICULARES,PERSONA F,BANCO COMERCIAL,TARJETA,TARJETA_CLASICA,NINGUNO,2933.07,,,
3,PYMES,JU,BANCO COMERCIAL,COMERC,LINEA DE CREDITO,PERSONAL,27994.5,,2.406,
2,PARTICULARES,PERSONA F,BANCO COMERCIAL,HIPOTECAS,TIPO_VARIABLE,INMUEBLES,361986.21,2.375,,
9,PARTICULARES,PERSONA F,BANCO COMERCIAL,TARJETA,TARJETA_CLASICA,NINGUNO,4367.2,,,
9,PARTICULARES,PERSONA F,BANCO COMERCIAL,HIPOTECAS,TIPO_FIJO,INMUEBLES,142079.27,2.024,,
9,CORPORATIVO,JU,BANCA E INVERSION/MAYORISTA,SINDICA,PRESTAMO SINDICADO,MOBILIARIA(ACCIONES/FONDO),10215655.93,,1.912,
11,PYMES,JU,BANCO COMERCIAL,COMERC,LINEA DE CREDITO,PERSONAL,125020.86,,1.982,
1,PARTICULARES,PERSONA F,BANCO COMERCIAL,TARJETA,TARJETA_CLASICA,NINGUNO,1845.06,,,
5,CORPORATIVO,JU,BANCA E INVERSION/MAYORISTA,SINDICA,PRESTAMO SINDICADO,MOBILIARIA(ACCIONES/FONDO),13106066.03,,2.174,
1,PARTICULARES,PERSONA F,FINANCIERA DE CONSUMO,PRESTAMOS,PRESTAMO_PERSONAL,PERSONAL,24860.52,,,
11,PYMES,JU,BANCO COMERCIAL,COMERC,LINEA DE CREDITO,PERSONAL,62679.7,,1.982,
8,PYMES,JU,BANCO COMERCIAL,COMERC,LINEA DE CREDITO,PERSONAL,66889.74,,1.943,
11,PARTICULARES,PERSONA F,FINANCIERA DE CONSUMO,PRESTAMOS,PRESTAMO_PERSONAL,PERSONAL,19832.78,,,
2,PARTICULARES,PERSONA F,BANCO COMERCIAL,HIPOTECAS,TIPO_VARIABLE,INMUEBLES,88496.32,2.375,,
10,PARTICULARES,PERSONA F,BANCO COMERCIAL,HIPOTECAS,TIPO_FIJO,INMUEBLES,362393.04,2.066,,
5,PARTICULARES,PERSONA F,BANCO COMERCIAL,HIPOTECAS,TIPO_VARIABLE,INMUEBLES,349328.07,2.058,,
12,PARTICULARES,PERSONA F,BANCO COMERCIAL,HIPOTECAS,TIPO_FIJO,INMUEBLES,365618.8,2.089,,
11,PYMES,JU,BANCO COMERCIAL,COMERC,LINEA DE CREDITO,PERSONAL,113780.03,,1.982,
9,PARTICULARES,PERSONA F,BANCO COMERCIAL,HIPOTECAS,TIPO_FIJO,INMUEBLES,347703.01,2.024,,
9,PARTICULARES,PERSONA F,FINANCIERA DE CONSUMO,PRESTAMOS,PRESTAMO_PERSONAL,PERSONAL,28556.7,,,
7,PARTICULARES,PERSONA F,FINANCIERA DE CONSUMO,PRESTAMOS,PRESTAMO_PERSONAL,PERSONAL,15589.8,,,
5,PARTICULARES,PERSONA F,FINANCIERA DE CONSUMO,PRESTAMOS,PRESTAMO_PERSONAL,PERSONAL,28971.52,,,
5,PARTICULARES,PERSONA F,BANCO COMERCIAL,TARJETA,TARJETA_CLASICA,NINGUNO,4307.8,,,
3,PARTICULARES,PERSONA F,FINANCIERA DE CONSUMO,PRESTAMOS,PRESTAMO_PERSONAL,PERSONAL,34188.08,,,
6,CORPORATIVO,JU,BANCA E INVERSION/MAYORISTA,SINDICA,PRESTAMO SINDICADO,MOBILIARIA(ACCIONES/FONDO),1935262.31,,2.085,
3,PYMES,JU,BANCO COMERCIAL,COMERC,LINEA DE CREDITO,PERSONAL,90169.56,,2.406,
1,CORPORATIVO,JU,BANCA E INVERSION/MAYORISTA,SINDICA,PRESTAMO SINDICADO,MOBILIARIA(ACCIONES/FONDO),4023593.05,,2.632,
5,CORPORATIVO,JU,BANCA E INVERSION/MAYORISTA,SINDICA,PRESTAMO SINDICADO,MOBILIARIA(ACCIONES/FONDO),2983589.51,,2.174,
10,PARTICULARES,PERSONA F,BANCO COMERCIAL,TARJETA,TARJETA_CLASICA,NINGUNO,1096.77,,,
1,CORPORATIVO,JU,BANCA E INVERSION/MAYORISTA,SINDICA,PRESTAMO SINDICADO,MOBILIARIA(ACCIONES/FONDO),8590950.7,,2.632,
7,PARTICULARES,PERSONA F,BANCO COMERCIAL,HIPOTECAS,TIPO_VARIABLE,INMUEBLES,269915.9,1.972,,
3,PARTICULARES,PERSONA F,FINANCIERA DE CONSUMO,PRESTAMOS,PRESTAMO_PERSONAL,PERSONAL,15895.06,,,
12,PARTICULARES,PERSONA F,FINANCIERA DE CONSUMO,PRESTAMOS,PRESTAMO_PERSONAL,PERSONAL,19838.95,,,
6,PARTICULARES,PERSONA F,BANCO COMERCIAL,HIPOTECAS,TIPO_FIJO,INMUEBLES,147221.35,1.987,,
6,PARTICULARES,PERSONA F,BANCO COMERCIAL,TARJETA,TARJETA_CLASICA,NINGUNO,1269.35,,,
2,PARTICULARES,PERSONA F,BANCO COMERCIAL,HIPOTECAS,TIPO_FIJO,INMUEBLES,282254.97,2.375,,
1,PARTICULARES,PERSONA F,BANCO COMERCIAL,HIPOTECAS,TIPO_VARIABLE,INMUEBLES,92390.94,2.431,,
1,PYMES,JU,BANCO COMERCIAL,COMERC,LINEA DE CREDITO,PERSONAL,109296.72,,2.632,
5,PARTICULARES,PERSONA F,FINANCIERA DE CONSUMO,PRESTAMOS,PRESTAMO_PERSONAL,PERSONAL,28375.76,,,
1,PARTICULARES,PERSONA F,BANCO COMERCIAL,TARJETA,TARJETA_CLASICA,NINGUNO,5807.93,,,
12,PARTICULARES,PERSONA F,FINANCIERA DE CONSUMO,PRESTAMOS,PRESTAMO_PERSONAL,PERSONAL,25584.77,,,
11,PYMES,JU,BANCO COMERCIAL,COMERC,LINEA DE CREDITO,PERSONAL,97035.59,,1.982,
4,PARTICULARES,PERSONA F,BANCO COMERCIAL,TARJETA,TARJETA_CLASICA,NINGUNO,5773.42,,,
4,PARTICULARES,PERSONA F,BANCO COMERCIAL,TARJETA,TARJETA_CLASICA,NINGUNO,5773.24,,,
1,PARTICULARES,PERSONA F,BANCO COMERCIAL,HIPOTECAS,TIPO_FIJO,INMUEBLES,194655.92,2.431,,
1,CORPORATIVO,JU,BANCA E INVERSION/MAYORISTA,SINDICA,PRESTAMO SINDICADO,MOBILIARIA(ACCIONES/FONDO),10682595.12,,2.632,
4,PARTICULARES,PERSONA F,BANCO COMERCIAL,TARJETA,TARJETA_CLASICA,NINGUNO,5476.31,,,
9,PARTICULARES,PERSONA F,BANCO COMERCIAL,TARJETA,TARJETA_CLASICA,NINGUNO,1980.66,,,
12,CORPORATIVO,JU,BANCA E INVERSION/MAYORISTA,SINDICA,PRESTAMO SINDICADO,MOBILIARIA(ACCIONES/FONDO),12243831.33,,1.963,
6,CORPORATIVO,JU,BANCA E INVERSION/MAYORISTA,SINDICA,PRESTAMO SINDICADO,MOBILIARIA(ACCIONES/FONDO),2961247.36,,2.085,
11,PARTICULARES,PERSONA F,FINANCIERA DE CONSUMO,PRESTAMOS,PRESTAMO_PERSONAL,PERSONAL,14879.3,,,
11,CORPORATIVO,JU,BANCA E INVERSION/MAYORISTA,SINDICA,PRESTAMO SINDICADO,MOBILIARIA(ACCIONES/FONDO),8209696.25,,1.982,
4,PARTICULARES,PERSONA F,BANCO COMERCIAL,HIPOTECAS,TIPO_FIJO,INMUEBLES,100416.6,2.142,,
12,PARTICULARES,PERSONA F,FINANCIERA DE CONSUMO,PRESTAMOS,PRESTAMO_PERSONAL,PERSONAL,27623.98,,,
2,PARTICULARES,PERSONA F,BANCO COMERCIAL,HIPOTECAS,TIPO_VARIABLE,INMUEBLES,380159.19,2.375,,
4,PARTICULARES,PERSONA F,BANCO COMERCIAL,TARJETA,TARJETA_CLASICA,NINGUNO,3774.65,,,
2,PARTICULARES,PERSONA F,FINANCIERA DE CONSUMO,PRESTAMOS,PRESTAMO_PERSONAL,PERSONAL,30683.08,,,
9,PARTICULARES,PERSONA F,BANCO COMERCIAL,TARJETA,TARJETA_CLASICA,NINGUNO,5695.41,,,
3,PYMES,JU,BANCO COMERCIAL,COMERC,LINEA DE CREDITO,PERSONAL,105523.36,,2.406,
12,PARTICULARES,PERSONA F,FINANCIERA DE CONSUMO,PRESTAMOS,PRESTAMO_PERSONAL,PERSONAL,24743.2,,,
2,PARTICULARES,PERSONA F,BANCO COMERCIAL,TARJETA,TARJETA_CLASICA,NINGUNO,1369.66,,,
4,PARTICULARES,PERSONA F,FINANCIERA DE CONSUMO,PRESTAMOS,PRESTAMO_PERSONAL,PERSONAL,20418.88,,,
7,CORPORATIVO,JU,BANCA E INVERSION/MAYORISTA,SINDICA,PRESTAMO SINDICADO,MOBILIARIA(ACCIONES/FONDO),3994022.01,,2.002,
11,PARTICULARES,PERSONA F,BANCO COMERCIAL,HIPOTECAS,TIPO_VARIABLE,INMUEBLES,179484.82,2.11,,
11,PARTICULARES,PERSONA F,BANCO COMERCIAL,TARJETA,TARJETA_CLASICA,NINGUNO,3254.52,,,
1,CORPORATIVO,JU,BANCA E INVERSION/MAYORISTA,SINDICA,PRESTAMO SINDICADO,MOBILIARIA(ACCIONES/FONDO),14553762.48,,2.632,
8,PYMES,JU,BANCO COMERCIAL,COMERC,LINEA DE CREDITO,PERSONAL,78687.05,,1.943,
3,PARTICULARES,PERSONA F,BANCO COMERCIAL,HIPOTECAS,TIPO_FIJO,INMUEBLES,307737.84,2.262,,
12,CORPORATIVO,JU,BANCA E INVERSION/MAYORISTA,SINDICA,PRESTAMO SINDICADO,MOBILIARIA(ACCIONES/FONDO),14235327.72,,1.963,
4,PARTICULARES,PERSONA F,BANCO COMERCIAL,HIPOTECAS,TIPO_FIJO,INMUEBLES,141070.97,2.142,,
10,PARTICULARES,PERSONA F,FINANCIERA DE CONSUMO,PRESTAMOS,PRESTAMO_PERSONAL,PERSONAL,22574.34,,,
10,PYMES,JU,BANCO COMERCIAL,COMERC,LINEA DE CREDITO,PERSONAL,130640.22,,1.948,
5,PARTICULARES,PERSONA F,BANCO COMERCIAL,HIPOTECAS,TIPO_VARIABLE,INMUEBLES,349944.57,2.058,,
11,CORPORATIVO,JU,BANCA E INVERSION/MAYORISTA,SINDICA,PRESTAMO SINDICADO,MOBILIARIA(ACCIONES/FONDO),10877507.71,,1.982,
8,PARTICULARES,PERSONA F,BANCO COMERCIAL,HIPOTECAS,TIPO_FIJO,INMUEBLES,252022.29,1.985,,
4,PYMES,JU,BANCO COMERCIAL,COMERC,LINEA DE CREDITO,PERSONAL,82297.35,,2.268,
12,PARTICULARES,PERSONA F,FINANCIERA DE CONSUMO,PRESTAMOS,PRESTAMO_PERSONAL,PERSONAL,13585.9,,,
8,PARTICULARES,PERSONA F,BANCO COMERCIAL,TARJETA,TARJETA_CLASICA,NINGUNO,3542.75,,,
4,PARTICULARES,PERSONA F,FINANCIERA DE CONSUMO,PRESTAMOS,PRESTAMO_PERSONAL,PERSONAL,11444.91,,,
6,CORPORATIVO,JU,BANCA E INVERSION/MAYORISTA,SINDICA,PRESTAMO SINDICADO,MOBILIARIA(ACCIONES/FONDO),10517141.88,,2.085,
7,PYMES,JU,BANCO COMERCIAL,COMERC,LINEA DE CREDITO,PERSONAL,141557.66,,2.002,
10,PARTICULARES,PERSONA F,FINANCIERA DE CONSUMO,PRESTAMOS,PRESTAMO_PERSONAL,PERSONAL,17705.82,,,
3,PARTICULARES,PERSONA F,FINANCIERA DE CONSUMO,PRESTAMOS,PRESTAMO_PERSONAL,PERSONAL,12978.43,,,
12,PARTICULARES,PERSONA F,BANCO COMERCIAL,TARJETA,TARJETA_CLASICA,NINGUNO,5769.88,,,
8,PARTICULARES,PERSONA F,BANCO COMERCIAL,HIPOTECAS,TIPO_FIJO,INMUEBLES,191292.75,1.985,,
11,CORPORATIVO,JU,BANCA E INVERSION/MAYORISTA,SINDICA,PRESTAMO SINDICADO,MOBILIARIA(ACCIONES/FONDO),8361191.7,,1.982,
5,PARTICULARES,PERSONA F,BANCO COMERCIAL,TARJETA,TARJETA_CLASICA,NINGUNO,3435.51,,,
5,PYMES,JU,BANCO COMERCIAL,COMERC,LINEA DE CREDITO,PERSONAL,36329.18,,2.174,
2,PARTICULARES,PERSONA F,BANCO COMERCIAL,HIPOTECAS,TIPO_FIJO,INMUEBLES,149477.1,2.375,,
5,PARTICULARES,PERSONA F,FINANCIERA DE CONSUMO,PRESTAMOS,PRESTAMO_PERSONAL,PERSONAL,34193.87,,,
6,PARTICULARES,PERSONA F,FINANCIERA DE CONSUMO,PRESTAMOS,PRESTAMO_PERSONAL,PERSONAL,18180.84,,,
2,PARTICULARES,PERSONA F,FINANCIERA DE CONSUMO,PRESTAMOS,PRESTAMO_PERSONAL,PERSONAL,22889.31,,,
12,CORPORATIVO,JU,BANCA E INVERSION/MAYORISTA,SINDICA,PRESTAMO SINDICADO,MOBILIARIA(ACCIONES/FONDO),13050900.21,,1.963,
4,PYMES,JU,BANCO COMERCIAL,COMERC,LINEA DE CREDITO,PERSONAL,74780.99,,2.268,
1,CORPORATIVO,JU,BANCA E INVERSION/MAYORISTA,SINDICA,PRESTAMO SINDICADO,MOBILIARIA(ACCIONES/FONDO),7922342.82,,2.632,
11,PARTICULARES,PERSONA F,FINANCIERA DE CONSUMO,PRESTAMOS,PRESTAMO_PERSONAL,PERSONAL,5264.7,,,
8,PARTICULARES,PERSONA F,BANCO COMERCIAL,HIPOTECAS,TIPO_VARIABLE,INMUEBLES,366368.52,1.985,,
4,PARTICULARES,PERSONA F,BANCO COMERCIAL,HIPOTECAS,TIPO_FIJO,INMUEBLES,393377.17,2.142,,
12,PYMES,JU,BANCO COMERCIAL,COMERC,LINEA DE CREDITO,PERSONAL,37873.46,,1.963,
2,PARTICULARES,PERSONA F,FINANCIERA DE CONSUMO,PRESTAMOS,PRESTAMO_PERSONAL,PERSONAL,31809.22,,,
3,PARTICULARES,PERSONA F,FINANCIERA DE CONSUMO,PRESTAMOS,PRESTAMO_PERSONAL,PERSONAL,34128.94,,,
11,PARTICULARES,PERSONA F,BANCO COMERCIAL,TARJETA,TARJETA_CLASICA,NINGUNO,1041.68,,,
10,PYMES,JU,BANCO COMERCIAL,COMERC,LINEA DE CREDITO,PERSONAL,64181.73,,1.948,
9,CORPORATIVO,JU,BANCA E INVERSION/MAYORISTA,SINDICA,PRESTAMO SINDICADO,MOBILIARIA(ACCIONES/FONDO),7308794.72,,1.912,
12,CORPORATIVO,JU,BANCA E INVERSION/MAYORISTA,SINDICA,PRESTAMO SINDICADO,MOBILIARIA(ACCIONES/FONDO),1499833.33,,1.963,
10,CORPORATIVO,JU,BANCA E INVERSION/MAYORISTA,SINDICA,PRESTAMO SINDICADO,MOBILIARIA(ACCIONES/FONDO),1061061.53,,1.948,
6,PARTICULARES,PERSONA F,BANCO COMERCIAL,HIPOTECAS,TIPO_VARIABLE,INMUEBLES,128532.28,1.987,,
9,PARTICULARES,PERSONA F,BANCO COMERCIAL,TARJETA,TARJETA_CLASICA,NINGUNO,3176.11,,,
2,PARTICULARES,PERSONA F,BANCO COMERCIAL,HIPOTECAS,TIPO_FIJO,INMUEBLES,301467.01,2.375,,
6,PARTICULARES,PERSONA F,BANCO COMERCIAL,HIPOTECAS,TIPO_FIJO,INMUEBLES,229027.33,1.987,,
11,PARTICULARES,PERSONA F,BANCO COMERCIAL,TARJETA,TARJETA_CLASICA,NINGUNO,1023.9,,,
2,PYMES,JU,BANCO COMERCIAL,COMERC,LINEA DE CREDITO,PERSONAL,112434.57,,2.54,
10,PARTICULARES,PERSONA F,BANCO COMERCIAL,HIPOTECAS,TIPO_FIJO,INMUEBLES,117368.64,2.066,,
9,CORPORATIVO,JU,BANCA E INVERSION/MAYORISTA,SINDICA,PRESTAMO SINDICADO,MOBILIARIA(ACCIONES/FONDO),9312704.69,,1.912,
7,PARTICULARES,PERSONA F,BANCO COMERCIAL,HIPOTECAS,TIPO_FIJO,INMUEBLES,369536.68,1.972,,
7,PARTICULARES,PERSONA F,BANCO COMERCIAL,TARJETA,TARJETA_CLASICA,NINGUNO,5276.67,,,
1,CORPORATIVO,JU,BANCA E INVERSION/MAYORISTA,SINDICA,PRESTAMO SINDICADO,MOBILIARIA(ACCIONES/FONDO),3301581.01,,2.632,
10,PARTICULARES,PERSONA F,FINANCIERA DE CONSUMO,PRESTAMOS,PRESTAMO_PERSONAL,PERSONAL,22323.6,,,
1,PARTICULARES,PERSONA F,FINANCIERA DE CONSUMO,PRESTAMOS,PRESTAMO_PERSONAL,PERSONAL,6086.59,,,
10,PARTICULARES,PERSONA F,FINANCIERA DE CONSUMO,PRESTAMOS,PRESTAMO_PERSONAL,PERSONAL,12538.12,,,
9,CORPORATIVO,JU,BANCA E INVERSION/MAYORISTA,SINDICA,PRESTAMO SINDICADO,MOBILIARIA(ACCIONES/FONDO),13809406.18,,1.912,
7,PYMES,JU,BANCO COMERCIAL,COMERC,LINEA DE CREDITO,PERSONAL,120396.7,,2.002,
4,PYMES,JU,BANCO COMERCIAL,COMERC,LINEA DE CREDITO,PERSONAL,91994.74,,2.268,
6,PYMES,JU,BANCO COMERCIAL,COMERC,LINEA DE CREDITO,PERSONAL,93333.47,,2.085,
8,PARTICULARES,PERSONA F,BANCO COMERCIAL,TARJETA,TARJETA_CLASICA,NINGUNO,4287.47,,,
1,CORPORATIVO,JU,BANCA E INVERSION/MAYORISTA,SINDICA,PRESTAMO SINDICADO,MOBILIARIA(ACCIONES/FONDO),9899426.03,,2.632,
10,PARTICULARES,PERSONA F,FINANCIERA DE CONSUMO,PRESTAMOS,PRESTAMO_PERSONAL,PERSONAL,30052.06,,,
6,PARTICULARES,PERSONA F,BANCO COMERCIAL,TARJETA,TARJETA_CLASICA,NINGUNO,4158.39,,,
11,CORPORATIVO,JU,BANCA E INVERSION/MAYORISTA,SINDICA,PRESTAMO SINDICADO,MOBILIARIA(ACCIONES/FONDO),3581639.11,,1.982,
11,PARTICULARES,PERSONA F,BANCO COMERCIAL,TARJETA,TARJETA_CLASICA,NINGUNO,5407.83,,,
4,PARTICULARES,PERSONA F,BANCO COMERCIAL,HIPOTECAS,TIPO_VARIABLE,INMUEBLES,285207.87,2.142,,
1,PARTICULARES,PERSONA F,FINANCIERA DE CONSUMO,PRESTAMOS,PRESTAMO_PERSONAL,PERSONAL,14121.62,,,
1,CORPORATIVO,JU,BANCA E INVERSION/MAYORISTA,SINDICA,PRESTAMO SINDICADO,MOBILIARIA(ACCIONES/FONDO),12059635.51,,2.632,
10,PARTICULARES,PERSONA F,BANCO COMERCIAL,TARJETA,TARJETA_CLASICA,NINGUNO,3876.84,,,
7,PARTICULARES,PERSONA F,BANCO COMERCIAL,HIPOTECAS,TIPO_FIJO,INMUEBLES,364119.46,1.972,,
8,PARTICULARES,PERSONA F,BANCO COMERCIAL,HIPOTECAS,TIPO_FIJO,INMUEBLES,398733.49,1.985,,
12,CORPORATIVO,JU,BANCA E INVERSION/MAYORISTA,SINDICA,PRESTAMO SINDICADO,MOBILIARIA(ACCIONES/FONDO),5184531.76,,1.963,
3,CORPORATIVO,JU,BANCA E INVERSION/MAYORISTA,SINDICA,PRESTAMO SINDICADO,MOBILIARIA(ACCIONES/FONDO),9966399.02,,2.406,
10,PARTICULARES,PERSONA F,BANCO COMERCIAL,TARJETA,TARJETA_CLASICA,NINGUNO,1174.74,,,
4,PYMES,JU,BANCO COMERCIAL,COMERC,LINEA DE CREDITO,PERSONAL,95965.33,,2.268,
11,CORPORATIVO,JU,BANCA E INVERSION/MAYORISTA,SINDICA,PRESTAMO SINDICADO,MOBILIARIA(ACCIONES/FONDO),10122947.89,,1.982,
1,PARTICULARES,PERSONA F,BANCO COMERCIAL,HIPOTECAS,TIPO_FIJO,INMUEBLES,162488.47,2.431,,
7,CORPORATIVO,JU,BANCA E INVERSION/MAYORISTA,SINDICA,PRESTAMO SINDICADO,MOBILIARIA(ACCIONES/FONDO),7523540.58,,2.002,
11,PARTICULARES,PERSONA F,FINANCIERA DE CONSUMO,PRESTAMOS,PRESTAMO_PERSONAL,PERSONAL,10351.29,,,
6,CORPORATIVO,JU,BANCA E INVERSION/MAYORISTA,SINDICA,PRESTAMO SINDICADO,MOBILIARIA(ACCIONES/FONDO),12005645.16,,2.085,
2,PARTICULARES,PERSONA F,BANCO COMERCIAL,TARJETA,TARJETA_CLASICA,NINGUNO,4548.9,,,
10,PARTICULARES,PERSONA F,BANCO COMERCIAL,TARJETA,TARJETA_CLASICA,NINGUNO,3011.09,,,
6,PARTICULARES,PERSONA F,FINANCIERA DE CONSUMO,PRESTAMOS,PRESTAMO_PERSONAL,PERSONAL,32330.3,,,
2,PYMES,JU,BANCO COMERCIAL,COMERC,LINEA DE CREDITO,PERSONAL,102359.4,,2.54,
9,CORPORATIVO,JU,BANCA E INVERSION/MAYORISTA,SINDICA,PRESTAMO SINDICADO,MOBILIARIA(ACCIONES/FONDO),9477673.32,,1.912,
5,PARTICULARES,PERSONA F,BANCO COMERCIAL,TARJETA,TARJETA_CLASICA,NINGUNO,4373.25,,,
2,PYMES,JU,BANCO COMERCIAL,COMERC,LINEA DE CREDITO,PERSONAL,115761.09,,2.54,
4,PARTICULARES,PERSONA F,FINANCIERA DE CONSUMO,PRESTAMOS,PRESTAMO_PERSONAL,PERSONAL,18232.82,,,
12,PARTICULARES,PERSONA F,FINANCIERA DE CONSUMO,PRESTAMOS,PRESTAMO_PERSONAL,PERSONAL,8134.85,,,
5,PARTICULARES,PERSONA F,FINANCIERA DE CONSUMO,PRESTAMOS,PRESTAMO_PERSONAL,PERSONAL,12832.05,,,
5,PYMES,JU,BANCO COMERCIAL,COMERC,LINEA DE CREDITO,PERSONAL,40952.21,,2.174,
12,PYMES,JU,BANCO COMERCIAL,COMERC,LINEA DE CREDITO,PERSONAL,111651.75,,1.963,
8,CORPORATIVO,JU,BANCA E INVERSION/MAYORISTA,SINDICA,PRESTAMO SINDICADO,MOBILIARIA(ACCIONES/FONDO),4001674.49,,1.943,
10,PARTICULARES,PERSONA F,BANCO COMERCIAL,TARJETA,TARJETA_CLASICA,NINGUNO,3663.01,,,
1,PARTICULARES,PERSONA F,BANCO COMERCIAL,TARJETA,TARJETA_CLASICA,NINGUNO,3460.02,,,
11,PYMES,JU,BANCO COMERCIAL,COMERC,LINEA DE CREDITO,PERSONAL,75477.84,,1.982,
5,PARTICULARES,PERSONA F,BANCO COMERCIAL,TARJETA,TARJETA_CLASICA,NINGUNO,3432.94,,,
4,PYMES,JU,BANCO COMERCIAL,COMERC,LINEA DE CREDITO,PERSONAL,33942.59,,2.268,
12,CORPORATIVO,JU,BANCA E INVERSION/MAYORISTA,SINDICA,PRESTAMO SINDICADO,MOBILIARIA(ACCIONES/FONDO),13988166.58,,1.963,
6,CORPORATIVO,JU,BANCA E INVERSION/MAYORISTA,SINDICA,PRESTAMO SINDICADO,MOBILIARIA(ACCIONES/FONDO),4503370.09,,2.085,
5,PYMES,JU,BANCO COMERCIAL,COMERC,LINEA DE CREDITO,PERSONAL,52065.35,,2.174,
7,CORPORATIVO,JU,BANCA E INVERSION/MAYORISTA,SINDICA,PRESTAMO SINDICADO,MOBILIARIA(ACCIONES/FONDO),9147319.39,,2.002,
9,PYMES,JU,BANCO COMERCIAL,COMERC,LINEA DE CREDITO,PERSONAL,143072.71,,1.912,
11,PARTICULARES,PERSONA F,FINANCIERA DE CONSUMO,PRESTAMOS,PRESTAMO_PERSONAL,PERSONAL,16308.58,,,
6,PARTICULARES,PERSONA F,BANCO COMERCIAL,HIPOTECAS,TIPO_VARIABLE,INMUEBLES,257292.58,1.987,,
1,PARTICULARES,PERSONA F,FINANCIERA DE CONSUMO,PRESTAMOS,PRESTAMO_PERSONAL,PERSONAL,32236.69,,,
3,PARTICULARES,PERSONA F,BANCO COMERCIAL,HIPOTECAS,TIPO_FIJO,INMUEBLES,339720.76,2.262,,
5,PYMES,JU,BANCO COMERCIAL,COMERC,LINEA DE CREDITO,PERSONAL,142796.12,,2.174,
12,CORPORATIVO,JU,BANCA E INVERSION/MAYORISTA,SINDICA,PRESTAMO SINDICADO,MOBILIARIA(ACCIONES/FONDO),9014816.29,,1.963,
8,PARTICULARES,PERSONA F,BANCO COMERCIAL,HIPOTECAS,TIPO_VARIABLE,INMUEBLES,222313.58,1.985,,
6,CORPORATIVO,JU,BANCA E INVERSION/MAYORISTA,SINDICA,PRESTAMO SINDICADO,MOBILIARIA(ACCIONES/FONDO),2555668.79,,2.085,
12,PARTICULARES,PERSONA F,BANCO COMERCIAL,TARJETA,TARJETA_CLASICA,NINGUNO,5903.39,,,
10,CORPORATIVO,JU,BANCA E INVERSION/MAYORISTA,SINDICA,PRESTAMO SINDICADO,MOBILIARIA(ACCIONES/FONDO),5249541.3,,1.948,
5,CORPORATIVO,JU,BANCA E INVERSION/MAYORISTA,SINDICA,PRESTAMO SINDICADO,MOBILIARIA(ACCIONES/FONDO),13090236.54,,2.174,
4,PARTICULARES,PERSONA F,FINANCIERA DE CONSUMO,PRESTAMOS,PRESTAMO_PERSONAL,PERSONAL,24864.4,,,
12,CORPORATIVO,JU,BANCA E INVERSION/MAYORISTA,SINDICA,PRESTAMO SINDICADO,MOBILIARIA(ACCIONES/FONDO),7776285.63,,1.963,
11,PARTICULARES,PERSONA F,BANCO COMERCIAL,HIPOTECAS,TIPO_VARIABLE,INMUEBLES,177237.48,2.11,,
9,PARTICULARES,PERSONA F,FINANCIERA DE CONSUMO,PRESTAMOS,PRESTAMO_PERSONAL,PERSONAL,33354.55,,,
2,PYMES,JU,BANCO COMERCIAL,COMERC,LINEA DE CREDITO,PERSONAL,75861.59,,2.54,
2,PARTICULARES,PERSONA F,BANCO COMERCIAL,TARJETA,TARJETA_CLASICA,NINGUNO,3262.86,,,
10,CORPORATIVO,JU,BANCA E INVERSION/MAYORISTA,SINDICA,PRESTAMO SINDICADO,MOBILIARIA(ACCIONES/FONDO),8772290.44,,1.948,
10,PYMES,JU,BANCO COMERCIAL,COMERC,LINEA DE CREDITO,PERSONAL,100198.63,,1.948,
1,PARTICULARES,PERSONA F,BANCO COMERCIAL,TARJETA,TARJETA_CLASICA,NINGUNO,3177.68,,,
7,PARTICULARES,PERSONA F,FINANCIERA DE CONSUMO,PRESTAMOS,PRESTAMO_PERSONAL,PERSONAL,23989.52,,,
11,PYMES,JU,BANCO COMERCIAL,COMERC,LINEA DE CREDITO,PERSONAL,138918.9,,1.982,
12,PARTICULARES,PERSONA F,FINANCIERA DE CONSUMO,PRESTAMOS,PRESTAMO_PERSONAL,PERSONAL,20240.65,,,
5,CORPORATIVO,JU,BANCA E INVERSION/MAYORISTA,SINDICA,PRESTAMO SINDICADO,MOBILIARIA(ACCIONES/FONDO),8013671.01,,2.174,
6,PARTICULARES,PERSONA F,BANCO COMERCIAL,TARJETA,TARJETA_CLASICA,NINGUNO,1982.0,,,
12,PARTICULARES,PERSONA F,FINANCIERA DE CONSUMO,PRESTAMOS,PRESTAMO_PERSONAL,PERSONAL,27068.07,,,
5,PYMES,JU,BANCO COMERCIAL,COMERC,LINEA DE CREDITO,PERSONAL,73191.29,,2.174,
3,PARTICULARES,PERSONA F,BANCO COMERCIAL,HIPOTECAS,TIPO_FIJO,INMUEBLES,315638.02,2.262,,
5,PARTICULARES,PERSONA F,BANCO COMERCIAL,TARJETA,TARJETA_CLASICA,NINGUNO,4926.09,,,
5,CORPORATIVO,JU,BANCA E INVERSION/MAYORISTA,SINDICA,PRESTAMO SINDICADO,MOBILIARIA(ACCIONES/FONDO),1001508.87,,2.174,
2,PYMES,JU,BANCO COMERCIAL,COMERC,LINEA DE CREDITO,PERSONAL,118768.96,,2.54,
12,PYMES,JU,BANCO COMERCIAL,COMERC,LINEA DE CREDITO,PERSONAL,141470.65,,1.963,
5,PARTICULARES,PERSONA F,FINANCIERA DE CONSUMO,PRESTAMOS,PRESTAMO_PERSONAL,PERSONAL,27569.33,,,
5,PARTICULARES,PERSONA F,BANCO COMERCIAL,TARJETA,TARJETA_CLASICA,NINGUNO,3033.01,,,
12,PARTICULARES,PERSONA F,BANCO COMERCIAL,HIPOTECAS,TIPO_VARIABLE,INMUEBLES,382459.9,2.089,,
4,PARTICULARES,PERSONA F,BANCO COMERCIAL,HIPOTECAS,TIPO_VARIABLE,INMUEBLES,297586.22,2.142,,
8,CORPORATIVO,JU,BANCA E INVERSION/MAYORISTA,SINDICA,PRESTAMO SINDICADO,MOBILIARIA(ACCIONES/FONDO),11787944.99,,1.943,
7,PARTICULARES,PERSONA F,BANCO COMERCIAL,HIPOTECAS,TIPO_FIJO,INMUEBLES,163122.14,1.972,,
12,CORPORATIVO,JU,BANCA E INVERSION/MAYORISTA,SINDICA,PRESTAMO SINDICADO,MOBILIARIA(ACCIONES/FONDO),2886050.99,,1.963,
8,PARTICULARES,PERSONA F,BANCO COMERCIAL,HIPOTECAS,TIPO_FIJO,INMUEBLES,307031.52,1.985,,
10,PARTICULARES,PERSONA F,BANCO COMERCIAL,TARJETA,TARJETA_CLASICA,NINGUNO,4146.53,,,
10,PARTICULARES,PERSONA F,BANCO COMERCIAL,HIPOTECAS,TIPO_VARIABLE,INMUEBLES,374000.66,2.066,,
10,PARTICULARES,PERSONA F,FINANCIERA DE CONSUMO,PRESTAMOS,PRESTAMO_PERSONAL,PERSONAL,18488.6,,,
3,PARTICULARES,PERSONA F,BANCO COMERCIAL,HIPOTECAS,TIPO_VARIABLE,INMUEBLES,289971.21,2.262,,
12,CORPORATIVO,JU,BANCA E INVERSION/MAYORISTA,SINDICA,PRESTAMO SINDICADO,MOBILIARIA(ACCIONES/FONDO),9519329.61,,1.963,
5,PARTICULARES,PERSONA F,BANCO COMERCIAL,HIPOTECAS,TIPO_VARIABLE,INMUEBLES,272820.8,2.058,,
10,CORPORATIVO,JU,BANCA E INVERSION/MAYORISTA,SINDICA,PRESTAMO SINDICADO,MOBILIARIA(ACCIONES/FONDO),10843751.22,,1.948,
3,PYMES,JU,BANCO COMERCIAL,COMERC,LINEA DE CREDITO,PERSONAL,128177.57,,2.406,
8,PARTICULARES,PERSONA F,BANCO COMERCIAL,TARJETA,TARJETA_CLASICA,NINGUNO,2982.57,,,
10,PYMES,JU,BANCO COMERCIAL,COMERC,LINEA DE CREDITO,PERSONAL,39600.47,,1.948,
6,CORPORATIVO,JU,BANCA E INVERSION/MAYORISTA,SINDICA,PRESTAMO SINDICADO,MOBILIARIA(ACCIONES/FONDO),10898793.05,,2.085,
10,PYMES,JU,BANCO COMERCIAL,COMERC,LINEA DE CREDITO,PERSONAL,70059.5,,1.948,
11,PARTICULARES,PERSONA F,BANCO COMERCIAL,TARJETA,TARJETA_CLASICA,NINGUNO,5918.46,,,
4,PARTICULARES,PERSONA F,BANCO COMERCIAL,TARJETA,TARJETA_CLASICA,NINGUNO,2807.69,,,
3,CORPORATIVO,JU,BANCA E INVERSION/MAYORISTA,SINDICA,PRESTAMO SINDICADO,MOBILIARIA(ACCIONES/FONDO),1195219.4,,2.406,
7,PARTICULARES,PERSONA F,FINANCIERA DE CONSUMO,PRESTAMOS,PRESTAMO_PERSONAL,PERSONAL,28034.97,,,
11,PARTICULARES,PERSONA F,FINANCIERA DE CONSUMO,PRESTAMOS,PRESTAMO_PERSONAL,PERSONAL,21118.65,,,
7,CORPORATIVO,JU,BANCA E INVERSION/MAYORISTA,SINDICA,PRESTAMO SINDICADO,MOBILIARIA(ACCIONES/FONDO),1621057.12,,2.002,
1,PYMES,JU,BANCO COMERCIAL,COMERC,LINEA DE CREDITO,PERSONAL,79872.44,,2.632,
8,PARTICULARES,PERSONA F,BANCO COMERCIAL,TARJETA,TARJETA_CLASICA,NINGUNO,4296.41,,,
1,CORPORATIVO,JU,BANCA E INVERSION/MAYORISTA,SINDICA,PRESTAMO SINDICADO,MOBILIARIA(ACCIONES/FONDO),1215449.04,,2.632,
10,PARTICULARES,PERSONA F,BANCO COMERCIAL,TARJETA,TARJETA_CLASICA,NINGUNO,2597.0,,,
3,PYMES,JU,BANCO COMERCIAL,COMERC,LINEA DE CREDITO,PERSONAL,88950.22,,2.406,
7,CORPORATIVO,JU,BANCA E INVERSION/MAYORISTA,SINDICA,PRESTAMO SINDICADO,MOBILIARIA(ACCIONES/FONDO),11191728.59,,2.002,
5,CORPORATIVO,JU,BANCA E INVERSION/MAYORISTA,SINDICA,PRESTAMO SINDICADO,MOBILIARIA(ACCIONES/FONDO),5100161.71,,2.174,
4,CORPORATIVO,JU,BANCA E INVERSION/MAYORISTA,SINDICA,PRESTAMO SINDICADO,MOBILIARIA(ACCIONES/FONDO),2872649.92,,2.268,
8,PYMES,JU,BANCO COMERCIAL,COMERC,LINEA DE CREDITO,PERSONAL,130304.82,,1.943,
7,CORPORATIVO,JU,BANCA E INVERSION/MAYORISTA,SINDICA,PRESTAMO SINDICADO,MOBILIARIA(ACCIONES/FONDO),13717673.88,,2.002,
9,PARTICULARES,PERSONA F,BANCO COMERCIAL,HIPOTECAS,TIPO_FIJO,INMUEBLES,153326.36,2.024,,
2,PYMES,JU,BANCO COMERCIAL,COMERC,LINEA DE CREDITO,PERSONAL,71616.71,,2.54,
11,PARTICULARES,PERSONA F,BANCO COMERCIAL,TARJETA,TARJETA_CLASICA,NINGUNO,5339.34,,,
1,PYMES,JU,BANCO COMERCIAL,COMERC,LINEA DE CREDITO,PERSONAL,60926.2,,2.632,
1,PARTICULARES,PERSONA F,FINANCIERA DE CONSUMO,PRESTAMOS,PRESTAMO_PERSONAL,PERSONAL,15491.09,,,
10,PARTICULARES,PERSONA F,FINANCIERA DE CONSUMO,PRESTAMOS,PRESTAMO_PERSONAL,PERSONAL,31658.76,,,
7,PARTICULARES,PERSONA F,BANCO COMERCIAL,TARJETA,TARJETA_CLASICA,NINGUNO,3599.66,,,
1,PARTICULARES,PERSONA F,FINANCIERA DE CONSUMO,PRESTAMOS,PRESTAMO_PERSONAL,PERSONAL,9910.49,,,
2,PARTICULARES,PERSONA F,FINANCIERA DE CONSUMO,PRESTAMOS,PRESTAMO_PERSONAL,PERSONAL,19957.19,,,
9,PYMES,JU,BANCO COMERCIAL,COMERC,LINEA DE CREDITO,PERSONAL,145371.08,,1.912,
4,CORPORATIVO,JU,BANCA E INVERSION/MAYORISTA,SINDICA,PRESTAMO SINDICADO,MOBILIARIA(ACCIONES/FONDO),4098483.68,,2.268,
3,PARTICULARES,PERSONA F,FINANCIERA DE CONSUMO,PRESTAMOS,PRESTAMO_PERSONAL,PERSONAL,9027.58,,,
3,PARTICULARES,PERSONA F,BANCO COMERCIAL,TARJETA,TARJETA_CLASICA,NINGUNO,5210.7,,,
1,PARTICULARES,PERSONA F,FINANCIERA DE CONSUMO,PRESTAMOS,PRESTAMO_PERSONAL,PERSONAL,8530.79,,,
8,PYMES,JU,BANCO COMERCIAL,COMERC,LINEA DE CREDITO,PERSONAL,149450.72,,1.943,
1,PARTICULARES,PERSONA F,FINANCIERA DE CONSUMO,PRESTAMOS,PRESTAMO_PERSONAL,PERSONAL,24372.82,,,
8,PARTICULARES,PERSONA F,BANCO COMERCIAL,TARJETA,TARJETA_CLASICA,NINGUNO,2793.3,,,
10,PARTICULARES,PERSONA F,FINANCIERA DE CONSUMO,PRESTAMOS,PRESTAMO_PERSONAL,PERSONAL,21119.04,,,
8,PARTICULARES,PERSONA F,BANCO COMERCIAL,HIPOTECAS,TIPO_VARIABLE,INMUEBLES,103869.34,1.985,,
8,PARTICULARES,PERSONA F,BANCO COMERCIAL,TARJETA,TARJETA_CLASICA,NINGUNO,1942.92,,,
9,PYMES,JU,BANCO COMERCIAL,COMERC,LINEA DE CREDITO,PERSONAL,140178.23,,1.912,
2,PARTICULARES,PERSONA F,BANCO COMERCIAL,TARJETA,TARJETA_CLASICA,NINGUNO,2070.16,,,
12,PYMES,JU,BANCO COMERCIAL,COMERC,LINEA DE CREDITO,PERSONAL,38212.75,,1.963,
7,PARTICULARES,PERSONA F,FINANCIERA DE CONSUMO,PRESTAMOS,PRESTAMO_PERSONAL,PERSONAL,32798.37,,,
8,CORPORATIVO,JU,BANCA E INVERSION/MAYORISTA,SINDICA,PRESTAMO SINDICADO,MOBILIARIA(ACCIONES/FONDO),12269986.78,,1.943,
3,PARTICULARES,PERSONA F,FINANCIERA DE CONSUMO,PRESTAMOS,PRESTAMO_PERSONAL,PERSONAL,34411.98,,,
6,PARTICULARES,PERSONA F,BANCO COMERCIAL,TARJETA,TARJETA_CLASICA,NINGUNO,2719.73,,,
9,PARTICULARES,PERSONA F,BANCO COMERCIAL,TARJETA,TARJETA_CLASICA,NINGUNO,4471.14,,,
2,CORPORATIVO,JU,BANCA E INVERSION/MAYORISTA,SINDICA,PRESTAMO SINDICADO,MOBILIARIA(ACCIONES/FONDO),6700063.37,,2.54,
4,PARTICULARES,PERSONA F,BANCO COMERCIAL,TARJETA,TARJETA_CLASICA,NINGUNO,3758.41,,,
3,PARTICULARES,PERSONA F,BANCO COMERCIAL,HIPOTECAS,TIPO_FIJO,INMUEBLES,312838.07,2.262,,
2,CORPORATIVO,JU,BANCA E INVERSION/MAYORISTA,SINDICA,PRESTAMO SINDICADO,MOBILIARIA(ACCIONES/FONDO),11765478.58,,2.54,
4,CORPORATIVO,JU,BANCA E INVERSION/MAYORISTA,SINDICA,PRESTAMO SINDICADO,MOBILIARIA(ACCIONES/FONDO),5162159.24,,2.268,
8,PARTICULARES,PERSONA F,BANCO COMERCIAL,HIPOTECAS,TIPO_VARIABLE,INMUEBLES,307868.39,1.985,,
4,PARTICULARES,PERSONA F,BANCO COMERCIAL,TARJETA,TARJETA_CLASICA,NINGUNO,4180.07,,,
9,PYMES,JU,BANCO COMERCIAL,COMERC,LINEA DE CREDITO,PERSONAL,118257.36,,1.912,
2,PARTICULARES,PERSONA F,BANCO COMERCIAL,TARJETA,TARJETA_CLASICA,NINGUNO,5152.25,,,
8,PARTICULARES,PERSONA F,BANCO COMERCIAL,TARJETA,TARJETA_CLASICA,NINGUNO,3585.57,,,
9,PARTICULARES,PERSONA F,BANCO COMERCIAL,TARJETA,TARJETA_CLASICA,NINGUNO,3584.3,,,
10,PYMES,JU,BANCO COMERCIAL,COMERC,LINEA DE CREDITO,PERSONAL,61199.19,,1.948,
3,CORPORATIVO,JU,BANCA E INVERSION/MAYORISTA,SINDICA,PRESTAMO SINDICADO,MOBILIARIA(ACCIONES/FONDO),3954780.29,,2.406,
10,PARTICULARES,PERSONA F,BANCO COMERCIAL,TARJETA,TARJETA_CLASICA,NINGUNO,1793.23,,,
1,PYMES,JU,BANCO COMERCIAL,COMERC,LINEA DE CREDITO,PERSONAL,78963.05,,2.632,
10,CORPORATIVO,JU,BANCA E INVERSION/MAYORISTA,SINDICA,PRESTAMO SINDICADO,MOBILIARIA(ACCIONES/FONDO),14488816.99,,1.948,
11,PARTICULARES,PERSONA F,FINANCIERA DE CONSUMO,PRESTAMOS,PRESTAMO_PERSONAL,PERSONAL,17339.86,,,
10,PARTICULARES,PERSONA F,FINANCIERA DE CONSUMO,PRESTAMOS,PRESTAMO_PERSONAL,PERSONAL,8216.03,,,
2,CORPORATIVO,JU,BANCA E INVERSION/MAYORISTA,SINDICA,PRESTAMO SINDICADO,MOBILIARIA(ACCIONES/FONDO),3200610.83,,2.54,
11,PARTICULARES,PERSONA F,BANCO COMERCIAL,HIPOTECAS,TIPO_VARIABLE,INMUEBLES,256944.01,2.11,,
8,PYMES,JU,BANCO COMERCIAL,COMERC,LINEA DE CREDITO,PERSONAL,46581.17,,1.943,
1,PYMES,JU,BANCO COMERCIAL,COMERC,LINEA DE CREDITO,PERSONAL,117659.47,,2.632,
2,PARTICULARES,PERSONA F,FINANCIERA DE CONSUMO,PRESTAMOS,PRESTAMO_PERSONAL,PERSONAL,17137.0,,,
9,PARTICULARES,PERSONA F,BANCO COMERCIAL,HIPOTECAS,TIPO_FIJO,INMUEBLES,230776.69,2.024,,
1,PARTICULARES,PERSONA F,BANCO COMERCIAL,TARJETA,TARJETA_CLASICA,NINGUNO,5875.42,,,
2,PARTICULARES,PERSONA F,BANCO COMERCIAL,HIPOTECAS,TIPO_FIJO,INMUEBLES,291111.68,2.375,,
11,PARTICULARES,PERSONA F,FINANCIERA DE CONSUMO,PRESTAMOS,PRESTAMO_PERSONAL,PERSONAL,9278.35,,,
8,CORPORATIVO,JU,BANCA E INVERSION/MAYORISTA,SINDICA,PRESTAMO SINDICADO,MOBILIARIA(ACCIONES/FONDO),9327276.01,,1.943,
1,CORPORATIVO,JU,BANCA E INVERSION/MAYORISTA,SINDICA,PRESTAMO SINDICADO,MOBILIARIA(ACCIONES/FONDO),11980776.74,,2.632,
12,PARTICULARES,PERSONA F,BANCO COMERCIAL,TARJETA,TARJETA_CLASICA,NINGUNO,2616.01,,,
5,PARTICULARES,PERSONA F,FINANCIERA DE CONSUMO,PRESTAMOS,PRESTAMO_PERSONAL,PERSONAL,15711.83,,,
5,CORPORATIVO,JU,BANCA E INVERSION/MAYORISTA,SINDICA,PRESTAMO SINDICADO,MOBILIARIA(ACCIONES/FONDO),8725701.22,,2.174,
3,PARTICULARES,PERSONA F,BANCO COMERCIAL,TARJETA,TARJETA_CLASICA,NINGUNO,4459.91,,,
6,PARTICULARES,PERSONA F,FINANCIERA DE CONSUMO,PRESTAMOS,PRESTAMO_PERSONAL,PERSONAL,11391.3,,,
6,PARTICULARES,PERSONA F,BANCO COMERCIAL,HIPOTECAS,TIPO_FIJO,INMUEBLES,325656.63,1.987,,
8,PARTICULARES,PERSONA F,FINANCIERA DE CONSUMO,PRESTAMOS,PRESTAMO_PERSONAL,PERSONAL,22666.13,,,
7,PARTICULARES,PERSONA F,BANCO COMERCIAL,HIPOTECAS,TIPO_FIJO,INMUEBLES,364782.2,1.972,,
5,PARTICULARES,PERSONA F,FINANCIERA DE CONSUMO,PRESTAMOS,PRESTAMO_PERSONAL,PERSONAL,30892.43,,,
5,PARTICULARES,PERSONA F,BANCO COMERCIAL,HIPOTECAS,TIPO_FIJO,INMUEBLES,116004.22,2.058,,
3,PARTICULARES,PERSONA F,BANCO COMERCIAL,HIPOTECAS,TIPO_VARIABLE,INMUEBLES,175950.66,2.262,,
1,PARTICULARES,PERSONA F,FINANCIERA DE CONSUMO,PRESTAMOS,PRESTAMO_PERSONAL,PERSONAL,27160.52,,,
3,PYMES,JU,BANCO COMERCIAL,COMERC,LINEA DE CREDITO,PERSONAL,138415.37,,2.406,
10,PARTICULARES,PERSONA F,BANCO COMERCIAL,HIPOTECAS,TIPO_VARIABLE,INMUEBLES,348146.67,2.066,,
11,CORPORATIVO,JU,BANCA E INVERSION/MAYORISTA,SINDICA,PRESTAMO SINDICADO,MOBILIARIA(ACCIONES/FONDO),8150940.53,,1.982,
3,PARTICULARES,PERSONA F,BANCO COMERCIAL,TARJETA,TARJETA_CLASICA,NINGUNO,2176.34,,,
2,PARTICULARES,PERSONA F,FINANCIERA DE CONSUMO,PRESTAMOS,PRESTAMO_PERSONAL,PERSONAL,11986.37,,,
10,PYMES,JU,BANCO COMERCIAL,COMERC,LINEA DE CREDITO,PERSONAL,44352.85,,1.948,
4,PYMES,JU,BANCO COMERCIAL,COMERC,LINEA DE CREDITO,PERSONAL,135270.4,,2.268,
5,PARTICULARES,PERSONA F,BANCO COMERCIAL,HIPOTECAS,TIPO_VARIABLE,INMUEBLES,149294.43,2.058,,
1,PARTICULARES,PERSONA F,FINANCIERA DE CONSUMO,PRESTAMOS,PRESTAMO_PERSONAL,PERSONAL,17629.34,,,
3,CORPORATIVO,JU,BANCA E INVERSION/MAYORISTA,SINDICA,PRESTAMO SINDICADO,MOBILIARIA(ACCIONES/FONDO),10730544.61,,2.406,
11,CORPORATIVO,JU,BANCA E INVERSION/MAYORISTA,SINDICA,PRESTAMO SINDICADO,MOBILIARIA(ACCIONES/FONDO),13828519.46,,1.982,
6,PARTICULARES,PERSONA F,BANCO COMERCIAL,HIPOTECAS,TIPO_VARIABLE,INMUEBLES,283044.0,1.987,,
